scenario,period,conversion_factor,net_income,unit
Conservative,2026E,0.46,1008.8,EUR million
Conservative,2027E,0.46,844.5,EUR million
Conservative,2028E,0.46,801.0,EUR million
Conservative,2026E,0.48,1028.1,EUR million
Conservative,2027E,0.48,881.2,EUR million
Conservative,2028E,0.48,835.8,EUR million
Conservative,2026E,0.50,1047.3,EUR million
Conservative,2027E,0.50,918.0,EUR million
Conservative,2028E,0.50,870.7,EUR million
Conservative,2026E,0.5026205916318735009327529537,1049.9,EUR million
Conservative,2027E,0.5026205916318735009327529537,922.8,EUR million
Conservative,2028E,0.5026205916318735009327529537,875.2,EUR million
Base,2026E,0.46,1068.7,EUR million
Base,2027E,0.46,1016.9,EUR million
Base,2028E,0.46,1029.8,EUR million
Base,2026E,0.48,1090.6,EUR million
Base,2027E,0.48,1061.1,EUR million
Base,2028E,0.48,1074.6,EUR million
Base,2026E,0.50,1112.5,EUR million
Base,2027E,0.50,1105.3,EUR million
Base,2028E,0.50,1119.3,EUR million
Base,2026E,0.5026205916318735009327529537,1115.3,EUR million
Base,2027E,0.5026205916318735009327529537,1111.1,EUR million
Base,2028E,0.5026205916318735009327529537,1125.2,EUR million
Optimistic,2026E,0.46,1111.5,EUR million
Optimistic,2027E,0.46,1114.1,EUR million
Optimistic,2028E,0.46,1151.2,EUR million
Optimistic,2026E,0.48,1135.3,EUR million
Optimistic,2027E,0.48,1162.6,EUR million
Optimistic,2028E,0.48,1201.3,EUR million
Optimistic,2026E,0.50,1159.0,EUR million
Optimistic,2027E,0.50,1211.0,EUR million
Optimistic,2028E,0.50,1251.3,EUR million
Optimistic,2026E,0.5026205916318735009327529537,1162.1,EUR million
Optimistic,2027E,0.5026205916318735009327529537,1217.4,EUR million
Optimistic,2028E,0.5026205916318735009327529537,1257.9,EUR million
