scenario,period,retention,closing_book_equity,unit,scope
Conservative,2026E,0,9562.0,EUR million,"Isolated retention sensitivity; no OCI, buybacks or regulatory adjustments; not CET1"
Conservative,2027E,0,9562.0,EUR million,"Isolated retention sensitivity; no OCI, buybacks or regulatory adjustments; not CET1"
Conservative,2028E,0,9562.0,EUR million,"Isolated retention sensitivity; no OCI, buybacks or regulatory adjustments; not CET1"
Conservative,2026E,0.1,9608.2,EUR million,"Isolated retention sensitivity; no OCI, buybacks or regulatory adjustments; not CET1"
Conservative,2027E,0.1,9696.4,EUR million,"Isolated retention sensitivity; no OCI, buybacks or regulatory adjustments; not CET1"
Conservative,2028E,0.1,9779.9,EUR million,"Isolated retention sensitivity; no OCI, buybacks or regulatory adjustments; not CET1"
Conservative,2026E,0.2,9654.5,EUR million,"Isolated retention sensitivity; no OCI, buybacks or regulatory adjustments; not CET1"
Conservative,2027E,0.2,9830.7,EUR million,"Isolated retention sensitivity; no OCI, buybacks or regulatory adjustments; not CET1"
Conservative,2028E,0.2,9997.9,EUR million,"Isolated retention sensitivity; no OCI, buybacks or regulatory adjustments; not CET1"
Base,2026E,0,9562.0,EUR million,"Isolated retention sensitivity; no OCI, buybacks or regulatory adjustments; not CET1"
Base,2027E,0,9562.0,EUR million,"Isolated retention sensitivity; no OCI, buybacks or regulatory adjustments; not CET1"
Base,2028E,0,9562.0,EUR million,"Isolated retention sensitivity; no OCI, buybacks or regulatory adjustments; not CET1"
Base,2026E,0.1,9614.5,EUR million,"Isolated retention sensitivity; no OCI, buybacks or regulatory adjustments; not CET1"
Base,2027E,0.1,9720.6,EUR million,"Isolated retention sensitivity; no OCI, buybacks or regulatory adjustments; not CET1"
Base,2028E,0.1,9828.0,EUR million,"Isolated retention sensitivity; no OCI, buybacks or regulatory adjustments; not CET1"
Base,2026E,0.2,9667.0,EUR million,"Isolated retention sensitivity; no OCI, buybacks or regulatory adjustments; not CET1"
Base,2027E,0.2,9879.2,EUR million,"Isolated retention sensitivity; no OCI, buybacks or regulatory adjustments; not CET1"
Base,2028E,0.2,10094.1,EUR million,"Isolated retention sensitivity; no OCI, buybacks or regulatory adjustments; not CET1"
Optimistic,2026E,0,9562.0,EUR million,"Isolated retention sensitivity; no OCI, buybacks or regulatory adjustments; not CET1"
Optimistic,2027E,0,9562.0,EUR million,"Isolated retention sensitivity; no OCI, buybacks or regulatory adjustments; not CET1"
Optimistic,2028E,0,9562.0,EUR million,"Isolated retention sensitivity; no OCI, buybacks or regulatory adjustments; not CET1"
Optimistic,2026E,0.1,9618.9,EUR million,"Isolated retention sensitivity; no OCI, buybacks or regulatory adjustments; not CET1"
Optimistic,2027E,0.1,9735.2,EUR million,"Isolated retention sensitivity; no OCI, buybacks or regulatory adjustments; not CET1"
Optimistic,2028E,0.1,9855.3,EUR million,"Isolated retention sensitivity; no OCI, buybacks or regulatory adjustments; not CET1"
Optimistic,2026E,0.2,9675.9,EUR million,"Isolated retention sensitivity; no OCI, buybacks or regulatory adjustments; not CET1"
Optimistic,2027E,0.2,9908.4,EUR million,"Isolated retention sensitivity; no OCI, buybacks or regulatory adjustments; not CET1"
Optimistic,2028E,0.2,10148.7,EUR million,"Isolated retention sensitivity; no OCI, buybacks or regulatory adjustments; not CET1"
