item,period,value,unit,source,pdf_page,url
Net income,2025H1A,502.3,EUR million,H12026.pdf,29,https://ind.millenniumbcp.pt/pt/Institucional/investidores/Documents/ApresentacaoResultados/2026/20260729_Resultados_Millennium_BCP_1S26.pdf
Net income,2026H1A,565.8,EUR million,H12026.pdf,29,https://ind.millenniumbcp.pt/pt/Institucional/investidores/Documents/ApresentacaoResultados/2026/20260729_Resultados_Millennium_BCP_1S26.pdf
Pre-provision operating profit,2025H1A,1164.4,EUR million,H12026.pdf,29,https://ind.millenniumbcp.pt/pt/Institucional/investidores/Documents/ApresentacaoResultados/2026/20260729_Resultados_Millennium_BCP_1S26.pdf
Pre-provision operating profit,2026H1A,1230.1,EUR million,H12026.pdf,29,https://ind.millenniumbcp.pt/pt/Institucional/investidores/Documents/ApresentacaoResultados/2026/20260729_Resultados_Millennium_BCP_1S26.pdf
Net credit impairments,2025H1A,89.8,EUR million,H12026.pdf,29,https://ind.millenniumbcp.pt/pt/Institucional/investidores/Documents/ApresentacaoResultados/2026/20260729_Resultados_Millennium_BCP_1S26.pdf
Net credit impairments,2026H1A,104.4,EUR million,H12026.pdf,29,https://ind.millenniumbcp.pt/pt/Institucional/investidores/Documents/ApresentacaoResultados/2026/20260729_Resultados_Millennium_BCP_1S26.pdf
Other impairments and provisions,2025H1A,280.6,EUR million,H12026.pdf,29,https://ind.millenniumbcp.pt/pt/Institucional/investidores/Documents/ApresentacaoResultados/2026/20260729_Resultados_Millennium_BCP_1S26.pdf
Other impairments and provisions,2026H1A,188.5,EUR million,H12026.pdf,29,https://ind.millenniumbcp.pt/pt/Institucional/investidores/Documents/ApresentacaoResultados/2026/20260729_Resultados_Millennium_BCP_1S26.pdf
Modification results,2025H1A,-5.1,EUR million,H12026.pdf,29,https://ind.millenniumbcp.pt/pt/Institucional/investidores/Documents/ApresentacaoResultados/2026/20260729_Resultados_Millennium_BCP_1S26.pdf
Modification results,2026H1A,-0.8,EUR million,H12026.pdf,29,https://ind.millenniumbcp.pt/pt/Institucional/investidores/Documents/ApresentacaoResultados/2026/20260729_Resultados_Millennium_BCP_1S26.pdf
Income taxes,2025H1A,218.4,EUR million,H12026.pdf,29,https://ind.millenniumbcp.pt/pt/Institucional/investidores/Documents/ApresentacaoResultados/2026/20260729_Resultados_Millennium_BCP_1S26.pdf
Income taxes,2026H1A,282.7,EUR million,H12026.pdf,29,https://ind.millenniumbcp.pt/pt/Institucional/investidores/Documents/ApresentacaoResultados/2026/20260729_Resultados_Millennium_BCP_1S26.pdf
Non-controlling interests,2025H1A,68.2,EUR million,H12026.pdf,29,https://ind.millenniumbcp.pt/pt/Institucional/investidores/Documents/ApresentacaoResultados/2026/20260729_Resultados_Millennium_BCP_1S26.pdf
Non-controlling interests,2026H1A,87.9,EUR million,H12026.pdf,29,https://ind.millenniumbcp.pt/pt/Institucional/investidores/Documents/ApresentacaoResultados/2026/20260729_Resultados_Millennium_BCP_1S26.pdf
NPE stock,2025A,1503,EUR million,FY2025.pdf,20,https://ind.millenniumbcp.pt/pt/Institucional/investidores/Documents/ApresentacaoResultados/2025/Resultados_Millenniumbcp_FY25_f_25022026.pdf
NPE stock,2026H1A,1442,EUR million,H12026.pdf,19,https://ind.millenniumbcp.pt/pt/Institucional/investidores/Documents/ApresentacaoResultados/2026/20260729_Resultados_Millennium_BCP_1S26.pdf
Total loan impairment allowance stock,2025A,1366,EUR million,FY2025.pdf,20,https://ind.millenniumbcp.pt/pt/Institucional/investidores/Documents/ApresentacaoResultados/2025/Resultados_Millenniumbcp_FY25_f_25022026.pdf
Total loan impairment allowance stock,2026H1A,1402,EUR million,H12026.pdf,19,https://ind.millenniumbcp.pt/pt/Institucional/investidores/Documents/ApresentacaoResultados/2026/20260729_Resultados_Millennium_BCP_1S26.pdf
Cost of risk excluding specific reversal,2024A,39,bps,FY2025.pdf,3,https://ind.millenniumbcp.pt/pt/Institucional/investidores/Documents/ApresentacaoResultados/2025/Resultados_Millenniumbcp_FY25_f_25022026.pdf
