scenario,assumption_category,assumption,2026E,2027E,2028E,unit,rationale,source_or_basis,validation_status,notes
Base,Revenue,Net interest income growth,0,2,3,%,Illustrative operating path; not issuer guidance. Capital policy is evaluated separately.,Author scenario calibrated to H1 2026 disclosure; not bank guidance,Model checked,29 Sep revision; 48% conversion; no CET1 or ROE/ROA projection; separate retention sensitivity.
Base,Revenue,Other operating income growth,2,3,3,%,Illustrative operating path; not issuer guidance. Capital policy is evaluated separately.,Author scenario calibrated to H1 2026 disclosure; not bank guidance,Model checked,29 Sep revision; 48% conversion; no CET1 or ROE/ROA projection; separate retention sensitivity.
Base,Costs,Operating costs growth,2,4,3,%,Illustrative operating path; not issuer guidance. Capital policy is evaluated separately.,Author scenario calibrated to H1 2026 disclosure; not bank guidance,Model checked,29 Sep revision; 48% conversion; no CET1 or ROE/ROA projection; separate retention sensitivity.
Base,Risk,Cost of risk,40,40,45,bps,"40 bp in 2026/27 is a cautious normalisation reference near FY2024 adjusted 39 bp, not continuation of latest 32 bp; 45 bp in 2028 is an explicit additional stress.",Author scenario calibrated to H1 2026 disclosure; not bank guidance,Model checked,29 Sep revision; 48% conversion; no CET1 or ROE/ROA projection; separate retention sensitivity.
Base,Balance Sheet,Customer loans growth,3,4,4,%,Illustrative operating path; not issuer guidance. Capital policy is evaluated separately.,Author scenario calibrated to H1 2026 disclosure; not bank guidance,Model checked,29 Sep revision; 48% conversion; no CET1 or ROE/ROA projection; separate retention sensitivity.
Base,Balance Sheet,Deposits and other customer resources growth,2.5,4,4,%,Illustrative operating path; not issuer guidance. Capital policy is evaluated separately.,Author scenario calibrated to H1 2026 disclosure; not bank guidance,Model checked,29 Sep revision; 48% conversion; no CET1 or ROE/ROA projection; separate retention sensitivity.
Optimistic,Revenue,Net interest income growth,3,4,4,%,Illustrative operating path; not issuer guidance. Capital policy is evaluated separately.,Author scenario calibrated to H1 2026 disclosure; not bank guidance,Model checked,29 Sep revision; 48% conversion; no CET1 or ROE/ROA projection; separate retention sensitivity.
Optimistic,Revenue,Other operating income growth,4,4,4,%,Illustrative operating path; not issuer guidance. Capital policy is evaluated separately.,Author scenario calibrated to H1 2026 disclosure; not bank guidance,Model checked,29 Sep revision; 48% conversion; no CET1 or ROE/ROA projection; separate retention sensitivity.
Optimistic,Costs,Operating costs growth,1,3,2.5,%,Illustrative operating path; not issuer guidance. Capital policy is evaluated separately.,Author scenario calibrated to H1 2026 disclosure; not bank guidance,Model checked,29 Sep revision; 48% conversion; no CET1 or ROE/ROA projection; separate retention sensitivity.
Optimistic,Risk,Cost of risk,30,30,35,bps,Illustrative operating path; not issuer guidance. Capital policy is evaluated separately.,Author scenario calibrated to H1 2026 disclosure; not bank guidance,Model checked,29 Sep revision; 48% conversion; no CET1 or ROE/ROA projection; separate retention sensitivity.
Optimistic,Balance Sheet,Customer loans growth,4,5,5,%,Illustrative operating path; not issuer guidance. Capital policy is evaluated separately.,Author scenario calibrated to H1 2026 disclosure; not bank guidance,Model checked,29 Sep revision; 48% conversion; no CET1 or ROE/ROA projection; separate retention sensitivity.
Optimistic,Balance Sheet,Deposits and other customer resources growth,3.5,5,5,%,Illustrative operating path; not issuer guidance. Capital policy is evaluated separately.,Author scenario calibrated to H1 2026 disclosure; not bank guidance,Model checked,29 Sep revision; 48% conversion; no CET1 or ROE/ROA projection; separate retention sensitivity.
Conservative,Revenue,Net interest income growth,-3,-2,0,%,Illustrative operating path; not issuer guidance. Capital policy is evaluated separately.,Author scenario calibrated to H1 2026 disclosure; not bank guidance,Model checked,29 Sep revision; 48% conversion; no CET1 or ROE/ROA projection; separate retention sensitivity.
Conservative,Revenue,Other operating income growth,0,1,1,%,Illustrative operating path; not issuer guidance. Capital policy is evaluated separately.,Author scenario calibrated to H1 2026 disclosure; not bank guidance,Model checked,29 Sep revision; 48% conversion; no CET1 or ROE/ROA projection; separate retention sensitivity.
Conservative,Costs,Operating costs growth,4,5,4,%,Illustrative operating path; not issuer guidance. Capital policy is evaluated separately.,Author scenario calibrated to H1 2026 disclosure; not bank guidance,Model checked,29 Sep revision; 48% conversion; no CET1 or ROE/ROA projection; separate retention sensitivity.
Conservative,Risk,Cost of risk,60,65,70,bps,Illustrative operating path; not issuer guidance. Capital policy is evaluated separately.,Author scenario calibrated to H1 2026 disclosure; not bank guidance,Model checked,29 Sep revision; 48% conversion; no CET1 or ROE/ROA projection; separate retention sensitivity.
Conservative,Balance Sheet,Customer loans growth,1,2,2,%,Illustrative operating path; not issuer guidance. Capital policy is evaluated separately.,Author scenario calibrated to H1 2026 disclosure; not bank guidance,Model checked,29 Sep revision; 48% conversion; no CET1 or ROE/ROA projection; separate retention sensitivity.
Conservative,Balance Sheet,Deposits and other customer resources growth,1,2,2,%,Illustrative operating path; not issuer guidance. Capital policy is evaluated separately.,Author scenario calibrated to H1 2026 disclosure; not bank guidance,Model checked,29 Sep revision; 48% conversion; no CET1 or ROE/ROA projection; separate retention sensitivity.
