bank_name,period,metric,category,value,unit,data_type,source_document,source_section_or_page,reported_or_calculated,validation_status,notes
Millennium bcp,2025H1A,Net interest income,Income statement,1444.1,EUR million,Actual,H12026.pdf,PDF p2; comparative H1 column,Reported,Source verified,H1 2026 release; H1 2025 comparative restated to exclude reverse repos.  Verified 2026-09-28. URL: https://ind.millenniumbcp.pt/pt/Institucional/investidores/Documents/ApresentacaoResultados/2026/20260729_Resultados_Millennium_BCP_1S26.pdf
Millennium bcp,2026H1A,Net interest income,Income statement,1493.8,EUR million,Actual,H12026.pdf,PDF p2; current H1 column,Reported,Source verified,H1 2026 release; H1 2025 comparative restated to exclude reverse repos.  Verified 2026-09-28. URL: https://ind.millenniumbcp.pt/pt/Institucional/investidores/Documents/ApresentacaoResultados/2026/20260729_Resultados_Millennium_BCP_1S26.pdf
Millennium bcp,2025H1A,Fees and commissions,Profitability,413.8,EUR million,Actual,H12026.pdf,PDF p9; comparative H1 column,Reported,Source verified,H1 2026 release; H1 2025 comparative restated to exclude reverse repos.  Verified 2026-09-28. URL: https://ind.millenniumbcp.pt/pt/Institucional/investidores/Documents/ApresentacaoResultados/2026/20260729_Resultados_Millennium_BCP_1S26.pdf
Millennium bcp,2026H1A,Fees and commissions,Profitability,438,EUR million,Actual,H12026.pdf,PDF p9; current H1 column,Reported,Source verified,H1 2026 release; H1 2025 comparative restated to exclude reverse repos.  Verified 2026-09-28. URL: https://ind.millenniumbcp.pt/pt/Institucional/investidores/Documents/ApresentacaoResultados/2026/20260729_Resultados_Millennium_BCP_1S26.pdf
Millennium bcp,2025H1A,Operating income,Income statement,1848,EUR million,Actual,H12026.pdf,PDF p2; comparative H1 column,Reported,Source verified,H1 2026 release; H1 2025 comparative restated to exclude reverse repos.  Verified 2026-09-28. URL: https://ind.millenniumbcp.pt/pt/Institucional/investidores/Documents/ApresentacaoResultados/2026/20260729_Resultados_Millennium_BCP_1S26.pdf
Millennium bcp,2026H1A,Operating income,Income statement,1950.3,EUR million,Actual,H12026.pdf,PDF p2; current H1 column,Reported,Source verified,H1 2026 release; H1 2025 comparative restated to exclude reverse repos.  Verified 2026-09-28. URL: https://ind.millenniumbcp.pt/pt/Institucional/investidores/Documents/ApresentacaoResultados/2026/20260729_Resultados_Millennium_BCP_1S26.pdf
Millennium bcp,2025H1A,Operating costs,Income statement,683.5,EUR million,Actual,H12026.pdf,PDF p2; comparative H1 column,Reported,Source verified,H1 2026 release; H1 2025 comparative restated to exclude reverse repos.  Verified 2026-09-28. URL: https://ind.millenniumbcp.pt/pt/Institucional/investidores/Documents/ApresentacaoResultados/2026/20260729_Resultados_Millennium_BCP_1S26.pdf
Millennium bcp,2026H1A,Operating costs,Income statement,720.2,EUR million,Actual,H12026.pdf,PDF p2; current H1 column,Reported,Source verified,H1 2026 release; H1 2025 comparative restated to exclude reverse repos.  Verified 2026-09-28. URL: https://ind.millenniumbcp.pt/pt/Institucional/investidores/Documents/ApresentacaoResultados/2026/20260729_Resultados_Millennium_BCP_1S26.pdf
Millennium bcp,2025H1A,Net credit impairments,Asset Quality,89.8,EUR million,Actual,H12026.pdf,PDF p2; comparative H1 column,Reported,Source verified,H1 2026 release; H1 2025 comparative restated to exclude reverse repos.  Verified 2026-09-28. URL: https://ind.millenniumbcp.pt/pt/Institucional/investidores/Documents/ApresentacaoResultados/2026/20260729_Resultados_Millennium_BCP_1S26.pdf
Millennium bcp,2026H1A,Net credit impairments,Asset Quality,104.4,EUR million,Actual,H12026.pdf,PDF p2; current H1 column,Reported,Source verified,H1 2026 release; H1 2025 comparative restated to exclude reverse repos.  Verified 2026-09-28. URL: https://ind.millenniumbcp.pt/pt/Institucional/investidores/Documents/ApresentacaoResultados/2026/20260729_Resultados_Millennium_BCP_1S26.pdf
Millennium bcp,2025H1A,Other impairments and provisions,Asset Quality,280.6,EUR million,Actual,H12026.pdf,PDF p2; comparative H1 column,Reported,Source verified,H1 2026 release; H1 2025 comparative restated to exclude reverse repos.  Verified 2026-09-28. URL: https://ind.millenniumbcp.pt/pt/Institucional/investidores/Documents/ApresentacaoResultados/2026/20260729_Resultados_Millennium_BCP_1S26.pdf
Millennium bcp,2026H1A,Other impairments and provisions,Asset Quality,188.5,EUR million,Actual,H12026.pdf,PDF p2; current H1 column,Reported,Source verified,H1 2026 release; H1 2025 comparative restated to exclude reverse repos.  Verified 2026-09-28. URL: https://ind.millenniumbcp.pt/pt/Institucional/investidores/Documents/ApresentacaoResultados/2026/20260729_Resultados_Millennium_BCP_1S26.pdf
Millennium bcp,2025H1A,Impairments and provisions,Asset Quality,370.4,EUR million,Actual,H12026.pdf,PDF p2; comparative H1 column,Calculated,Recalculated,H1 2026 release; H1 2025 comparative restated to exclude reverse repos.  Verified 2026-09-28. URL: https://ind.millenniumbcp.pt/pt/Institucional/investidores/Documents/ApresentacaoResultados/2026/20260729_Resultados_Millennium_BCP_1S26.pdf
Millennium bcp,2026H1A,Impairments and provisions,Asset Quality,292.9,EUR million,Actual,H12026.pdf,PDF p2; current H1 column,Calculated,Recalculated,H1 2026 release; H1 2025 comparative restated to exclude reverse repos.  Verified 2026-09-28. URL: https://ind.millenniumbcp.pt/pt/Institucional/investidores/Documents/ApresentacaoResultados/2026/20260729_Resultados_Millennium_BCP_1S26.pdf
Millennium bcp,2025H1A,Net income,Income statement,502.3,EUR million,Actual,H12026.pdf,PDF p2; comparative H1 column,Reported,Source verified,H1 2026 release; H1 2025 comparative restated to exclude reverse repos.  Verified 2026-09-28. URL: https://ind.millenniumbcp.pt/pt/Institucional/investidores/Documents/ApresentacaoResultados/2026/20260729_Resultados_Millennium_BCP_1S26.pdf
Millennium bcp,2026H1A,Net income,Income statement,565.8,EUR million,Actual,H12026.pdf,PDF p2; current H1 column,Reported,Source verified,H1 2026 release; H1 2025 comparative restated to exclude reverse repos.  Verified 2026-09-28. URL: https://ind.millenniumbcp.pt/pt/Institucional/investidores/Documents/ApresentacaoResultados/2026/20260729_Resultados_Millennium_BCP_1S26.pdf
Millennium bcp,2025H1A,Customer loans,Balance sheet,58839,EUR million,Actual,H12026.pdf,PDF p2; comparative H1 column,Reported,Source verified,H1 2026 release; H1 2025 comparative restated to exclude reverse repos. Net customer loans; headline press-release loan growth can refer to gross loans. Verified 2026-09-28. URL: https://ind.millenniumbcp.pt/pt/Institucional/investidores/Documents/ApresentacaoResultados/2026/20260729_Resultados_Millennium_BCP_1S26.pdf
Millennium bcp,2026H1A,Customer loans,Balance sheet,63836,EUR million,Actual,H12026.pdf,PDF p2; current H1 column,Reported,Source verified,H1 2026 release; H1 2025 comparative restated to exclude reverse repos. Net customer loans; headline press-release loan growth can refer to gross loans. Verified 2026-09-28. URL: https://ind.millenniumbcp.pt/pt/Institucional/investidores/Documents/ApresentacaoResultados/2026/20260729_Resultados_Millennium_BCP_1S26.pdf
Millennium bcp,2025H1A,Deposits and other customer resources,Balance Sheet,85950,EUR million,Actual,H12026.pdf,PDF p2; comparative H1 column,Reported,Source verified,H1 2026 release; H1 2025 comparative restated to exclude reverse repos.  Verified 2026-09-28. URL: https://ind.millenniumbcp.pt/pt/Institucional/investidores/Documents/ApresentacaoResultados/2026/20260729_Resultados_Millennium_BCP_1S26.pdf
Millennium bcp,2026H1A,Deposits and other customer resources,Balance Sheet,93249,EUR million,Actual,H12026.pdf,PDF p2; current H1 column,Reported,Source verified,H1 2026 release; H1 2025 comparative restated to exclude reverse repos.  Verified 2026-09-28. URL: https://ind.millenniumbcp.pt/pt/Institucional/investidores/Documents/ApresentacaoResultados/2026/20260729_Resultados_Millennium_BCP_1S26.pdf
Millennium bcp,2025H1A,Total customer funds,Balance Sheet,106246,EUR million,Actual,H12026.pdf,PDF p2; comparative H1 column,Reported,Source verified,H1 2026 release; H1 2025 comparative restated to exclude reverse repos.  Verified 2026-09-28. URL: https://ind.millenniumbcp.pt/pt/Institucional/investidores/Documents/ApresentacaoResultados/2026/20260729_Resultados_Millennium_BCP_1S26.pdf
Millennium bcp,2026H1A,Total customer funds,Balance Sheet,116655,EUR million,Actual,H12026.pdf,PDF p2; current H1 column,Reported,Source verified,H1 2026 release; H1 2025 comparative restated to exclude reverse repos.  Verified 2026-09-28. URL: https://ind.millenniumbcp.pt/pt/Institucional/investidores/Documents/ApresentacaoResultados/2026/20260729_Resultados_Millennium_BCP_1S26.pdf
Millennium bcp,2025H1A,Total assets,Balance sheet,105466,EUR million,Actual,H12026.pdf,PDF p2; comparative H1 column,Reported,Source verified,H1 2026 release; H1 2025 comparative restated to exclude reverse repos.  Verified 2026-09-28. URL: https://ind.millenniumbcp.pt/pt/Institucional/investidores/Documents/ApresentacaoResultados/2026/20260729_Resultados_Millennium_BCP_1S26.pdf
Millennium bcp,2026H1A,Total assets,Balance sheet,114800,EUR million,Actual,H12026.pdf,PDF p2; current H1 column,Reported,Source verified,H1 2026 release; H1 2025 comparative restated to exclude reverse repos.  Verified 2026-09-28. URL: https://ind.millenniumbcp.pt/pt/Institucional/investidores/Documents/ApresentacaoResultados/2026/20260729_Resultados_Millennium_BCP_1S26.pdf
Millennium bcp,2025H1A,Equity,Balance sheet,8404,EUR million,Actual,H12026.pdf,PDF p2; comparative H1 column,Reported,Source verified,H1 2026 release; H1 2025 comparative restated to exclude reverse repos.  Verified 2026-09-28. URL: https://ind.millenniumbcp.pt/pt/Institucional/investidores/Documents/ApresentacaoResultados/2026/20260729_Resultados_Millennium_BCP_1S26.pdf
Millennium bcp,2026H1A,Equity,Balance sheet,9562,EUR million,Actual,H12026.pdf,PDF p2; current H1 column,Reported,Source verified,H1 2026 release; H1 2025 comparative restated to exclude reverse repos.  Verified 2026-09-28. URL: https://ind.millenniumbcp.pt/pt/Institucional/investidores/Documents/ApresentacaoResultados/2026/20260729_Resultados_Millennium_BCP_1S26.pdf
