scenario,period,metric,category,value,unit,base_case_value,variance_vs_base,variance_vs_base_percent,scenario_logic,main_driver,risk_level,interpretation,source_or_basis,validation_status,notes
Conservative,2026E,Net interest income,Revised operating scenario,2942.8,EUR million,2987.6,-44.8,-1.499531,Illustrative operating path; 48% conversion,,,,revisions/2026-09-29,Model checked,Not issuer guidance; no probability assigned.
Conservative,2026E,Other operating income,Revised operating scenario,913.0,EUR million,922.1,-9.1,-0.986878,Illustrative operating path; 48% conversion,,,,revisions/2026-09-29,Model checked,Not issuer guidance; no probability assigned.
Conservative,2026E,Operating income,Revised operating scenario,3855.8,EUR million,3909.7,-53.9,-1.378622,Illustrative operating path; 48% conversion,,,,revisions/2026-09-29,Model checked,Not issuer guidance; no probability assigned.
Conservative,2026E,Operating costs,Revised operating scenario,1469.2,EUR million,1454.8,14.4,0.989827,Illustrative operating path; 48% conversion,,,,revisions/2026-09-29,Model checked,Not issuer guidance; no probability assigned.
Conservative,2026E,Pre-provision operating profit,Revised operating scenario,2386.6,EUR million,2454.9,-68.3,-2.782191,Illustrative operating path; 48% conversion,,,,revisions/2026-09-29,Model checked,Not issuer guidance; no probability assigned.
Conservative,2026E,Net credit impairments,Revised operating scenario,297.8,EUR million,235.9,61.9,26.239932,Illustrative operating path; 48% conversion,,,,revisions/2026-09-29,Model checked,Not issuer guidance; no probability assigned.
Conservative,2026E,Net income,Revised operating scenario,1028.1,EUR million,1090.6,-62.5,-5.73079,Illustrative operating path; 48% conversion,,,,revisions/2026-09-29,Model checked,Not issuer guidance; no probability assigned.
Conservative,2026E,Customer loans,Revised operating scenario,64474.4,EUR million,65751.1,-1276.7,-1.941717,Illustrative operating path; 48% conversion,,,,revisions/2026-09-29,Model checked,Not issuer guidance; no probability assigned.
Conservative,2026E,Deposits and other customer resources,Revised operating scenario,94181.5,EUR million,95580.2,-1398.7,-1.463378,Illustrative operating path; 48% conversion,,,,revisions/2026-09-29,Model checked,Not issuer guidance; no probability assigned.
Conservative,2027E,Net interest income,Revised operating scenario,2883.9,EUR million,3047.4,-163.5,-5.365229,Illustrative operating path; 48% conversion,,,,revisions/2026-09-29,Model checked,Not issuer guidance; no probability assigned.
Conservative,2027E,Other operating income,Revised operating scenario,922.1,EUR million,949.8,-27.7,-2.916403,Illustrative operating path; 48% conversion,,,,revisions/2026-09-29,Model checked,Not issuer guidance; no probability assigned.
Conservative,2027E,Operating income,Revised operating scenario,3806.1,EUR million,3997.1,-191.0,-4.778464,Illustrative operating path; 48% conversion,,,,revisions/2026-09-29,Model checked,Not issuer guidance; no probability assigned.
Conservative,2027E,Operating costs,Revised operating scenario,1542.7,EUR million,1513.0,29.7,1.962987,Illustrative operating path; 48% conversion,,,,revisions/2026-09-29,Model checked,Not issuer guidance; no probability assigned.
Conservative,2027E,Pre-provision operating profit,Revised operating scenario,2263.4,EUR million,2484.1,-220.7,-8.884505,Illustrative operating path; 48% conversion,,,,revisions/2026-09-29,Model checked,Not issuer guidance; no probability assigned.
Conservative,2027E,Net credit impairments,Revised operating scenario,427.5,EUR million,273.5,154.0,56.30713,Illustrative operating path; 48% conversion,,,,revisions/2026-09-29,Model checked,Not issuer guidance; no probability assigned.
Conservative,2027E,Net income,Revised operating scenario,881.2,EUR million,1061.1,-179.9,-16.954104,Illustrative operating path; 48% conversion,,,,revisions/2026-09-29,Model checked,Not issuer guidance; no probability assigned.
Conservative,2027E,Customer loans,Revised operating scenario,65763.8,EUR million,68381.1,-2617.3,-3.82752,Illustrative operating path; 48% conversion,,,,revisions/2026-09-29,Model checked,Not issuer guidance; no probability assigned.
Conservative,2027E,Deposits and other customer resources,Revised operating scenario,96065.1,EUR million,99403.4,-3338.3,-3.358336,Illustrative operating path; 48% conversion,,,,revisions/2026-09-29,Model checked,Not issuer guidance; no probability assigned.
Conservative,2028E,Net interest income,Revised operating scenario,2883.9,EUR million,3138.8,-254.9,-8.120938,Illustrative operating path; 48% conversion,,,,revisions/2026-09-29,Model checked,Not issuer guidance; no probability assigned.
Conservative,2028E,Other operating income,Revised operating scenario,931.4,EUR million,978.3,-46.9,-4.79403,Illustrative operating path; 48% conversion,,,,revisions/2026-09-29,Model checked,Not issuer guidance; no probability assigned.
Conservative,2028E,Operating income,Revised operating scenario,3815.3,EUR million,4117.1,-301.8,-7.330402,Illustrative operating path; 48% conversion,,,,revisions/2026-09-29,Model checked,Not issuer guidance; no probability assigned.
Conservative,2028E,Operating costs,Revised operating scenario,1604.4,EUR million,1558.4,46.0,2.951745,Illustrative operating path; 48% conversion,,,,revisions/2026-09-29,Model checked,Not issuer guidance; no probability assigned.
Conservative,2028E,Pre-provision operating profit,Revised operating scenario,2210.9,EUR million,2558.7,-347.8,-13.59284,Illustrative operating path; 48% conversion,,,,revisions/2026-09-29,Model checked,Not issuer guidance; no probability assigned.
Conservative,2028E,Net credit impairments,Revised operating scenario,469.6,EUR million,320.0,149.6,46.75,Illustrative operating path; 48% conversion,,,,revisions/2026-09-29,Model checked,Not issuer guidance; no probability assigned.
Conservative,2028E,Net income,Revised operating scenario,835.8,EUR million,1074.6,-238.8,-22.222222,Illustrative operating path; 48% conversion,,,,revisions/2026-09-29,Model checked,Not issuer guidance; no probability assigned.
Conservative,2028E,Customer loans,Revised operating scenario,67079.1,EUR million,71116.4,-4037.3,-5.677031,Illustrative operating path; 48% conversion,,,,revisions/2026-09-29,Model checked,Not issuer guidance; no probability assigned.
Conservative,2028E,Deposits and other customer resources,Revised operating scenario,97986.4,EUR million,103379.6,-5393.2,-5.21689,Illustrative operating path; 48% conversion,,,,revisions/2026-09-29,Model checked,Not issuer guidance; no probability assigned.
Base,2026E,Net interest income,Revised operating scenario,2987.6,EUR million,2987.6,0.0,0.0,Illustrative operating path; 48% conversion,,,,revisions/2026-09-29,Model checked,Not issuer guidance; no probability assigned.
Base,2026E,Other operating income,Revised operating scenario,922.1,EUR million,922.1,0.0,0.0,Illustrative operating path; 48% conversion,,,,revisions/2026-09-29,Model checked,Not issuer guidance; no probability assigned.
Base,2026E,Operating income,Revised operating scenario,3909.7,EUR million,3909.7,0.0,0.0,Illustrative operating path; 48% conversion,,,,revisions/2026-09-29,Model checked,Not issuer guidance; no probability assigned.
Base,2026E,Operating costs,Revised operating scenario,1454.8,EUR million,1454.8,0.0,0.0,Illustrative operating path; 48% conversion,,,,revisions/2026-09-29,Model checked,Not issuer guidance; no probability assigned.
Base,2026E,Pre-provision operating profit,Revised operating scenario,2454.9,EUR million,2454.9,0.0,0.0,Illustrative operating path; 48% conversion,,,,revisions/2026-09-29,Model checked,Not issuer guidance; no probability assigned.
Base,2026E,Net credit impairments,Revised operating scenario,235.9,EUR million,235.9,0.0,0.0,Illustrative operating path; 48% conversion,,,,revisions/2026-09-29,Model checked,Not issuer guidance; no probability assigned.
Base,2026E,Net income,Revised operating scenario,1090.6,EUR million,1090.6,0.0,0.0,Illustrative operating path; 48% conversion,,,,revisions/2026-09-29,Model checked,Not issuer guidance; no probability assigned.
Base,2026E,Customer loans,Revised operating scenario,65751.1,EUR million,65751.1,0.0,0.0,Illustrative operating path; 48% conversion,,,,revisions/2026-09-29,Model checked,Not issuer guidance; no probability assigned.
Base,2026E,Deposits and other customer resources,Revised operating scenario,95580.2,EUR million,95580.2,0.0,0.0,Illustrative operating path; 48% conversion,,,,revisions/2026-09-29,Model checked,Not issuer guidance; no probability assigned.
Base,2027E,Net interest income,Revised operating scenario,3047.4,EUR million,3047.4,0.0,0.0,Illustrative operating path; 48% conversion,,,,revisions/2026-09-29,Model checked,Not issuer guidance; no probability assigned.
Base,2027E,Other operating income,Revised operating scenario,949.8,EUR million,949.8,0.0,0.0,Illustrative operating path; 48% conversion,,,,revisions/2026-09-29,Model checked,Not issuer guidance; no probability assigned.
Base,2027E,Operating income,Revised operating scenario,3997.1,EUR million,3997.1,0.0,0.0,Illustrative operating path; 48% conversion,,,,revisions/2026-09-29,Model checked,Not issuer guidance; no probability assigned.
Base,2027E,Operating costs,Revised operating scenario,1513.0,EUR million,1513.0,0.0,0.0,Illustrative operating path; 48% conversion,,,,revisions/2026-09-29,Model checked,Not issuer guidance; no probability assigned.
Base,2027E,Pre-provision operating profit,Revised operating scenario,2484.1,EUR million,2484.1,0.0,0.0,Illustrative operating path; 48% conversion,,,,revisions/2026-09-29,Model checked,Not issuer guidance; no probability assigned.
Base,2027E,Net credit impairments,Revised operating scenario,273.5,EUR million,273.5,0.0,0.0,Illustrative operating path; 48% conversion,,,,revisions/2026-09-29,Model checked,Not issuer guidance; no probability assigned.
Base,2027E,Net income,Revised operating scenario,1061.1,EUR million,1061.1,0.0,0.0,Illustrative operating path; 48% conversion,,,,revisions/2026-09-29,Model checked,Not issuer guidance; no probability assigned.
Base,2027E,Customer loans,Revised operating scenario,68381.1,EUR million,68381.1,0.0,0.0,Illustrative operating path; 48% conversion,,,,revisions/2026-09-29,Model checked,Not issuer guidance; no probability assigned.
Base,2027E,Deposits and other customer resources,Revised operating scenario,99403.4,EUR million,99403.4,0.0,0.0,Illustrative operating path; 48% conversion,,,,revisions/2026-09-29,Model checked,Not issuer guidance; no probability assigned.
Base,2028E,Net interest income,Revised operating scenario,3138.8,EUR million,3138.8,0.0,0.0,Illustrative operating path; 48% conversion,,,,revisions/2026-09-29,Model checked,Not issuer guidance; no probability assigned.
Base,2028E,Other operating income,Revised operating scenario,978.3,EUR million,978.3,0.0,0.0,Illustrative operating path; 48% conversion,,,,revisions/2026-09-29,Model checked,Not issuer guidance; no probability assigned.
Base,2028E,Operating income,Revised operating scenario,4117.1,EUR million,4117.1,0.0,0.0,Illustrative operating path; 48% conversion,,,,revisions/2026-09-29,Model checked,Not issuer guidance; no probability assigned.
Base,2028E,Operating costs,Revised operating scenario,1558.4,EUR million,1558.4,0.0,0.0,Illustrative operating path; 48% conversion,,,,revisions/2026-09-29,Model checked,Not issuer guidance; no probability assigned.
Base,2028E,Pre-provision operating profit,Revised operating scenario,2558.7,EUR million,2558.7,0.0,0.0,Illustrative operating path; 48% conversion,,,,revisions/2026-09-29,Model checked,Not issuer guidance; no probability assigned.
Base,2028E,Net credit impairments,Revised operating scenario,320.0,EUR million,320.0,0.0,0.0,Illustrative operating path; 48% conversion,,,,revisions/2026-09-29,Model checked,Not issuer guidance; no probability assigned.
Base,2028E,Net income,Revised operating scenario,1074.6,EUR million,1074.6,0.0,0.0,Illustrative operating path; 48% conversion,,,,revisions/2026-09-29,Model checked,Not issuer guidance; no probability assigned.
Base,2028E,Customer loans,Revised operating scenario,71116.4,EUR million,71116.4,0.0,0.0,Illustrative operating path; 48% conversion,,,,revisions/2026-09-29,Model checked,Not issuer guidance; no probability assigned.
Base,2028E,Deposits and other customer resources,Revised operating scenario,103379.6,EUR million,103379.6,0.0,0.0,Illustrative operating path; 48% conversion,,,,revisions/2026-09-29,Model checked,Not issuer guidance; no probability assigned.
Optimistic,2026E,Net interest income,Revised operating scenario,3032.4,EUR million,2987.6,44.8,1.499531,Illustrative operating path; 48% conversion,,,,revisions/2026-09-29,Model checked,Not issuer guidance; no probability assigned.
Optimistic,2026E,Other operating income,Revised operating scenario,931.3,EUR million,922.1,9.2,0.997723,Illustrative operating path; 48% conversion,,,,revisions/2026-09-29,Model checked,Not issuer guidance; no probability assigned.
Optimistic,2026E,Operating income,Revised operating scenario,3963.7,EUR million,3909.7,54.0,1.38118,Illustrative operating path; 48% conversion,,,,revisions/2026-09-29,Model checked,Not issuer guidance; no probability assigned.
Optimistic,2026E,Operating costs,Revised operating scenario,1447.6,EUR million,1454.8,-7.2,-0.494913,Illustrative operating path; 48% conversion,,,,revisions/2026-09-29,Model checked,Not issuer guidance; no probability assigned.
Optimistic,2026E,Pre-provision operating profit,Revised operating scenario,2516.1,EUR million,2454.9,61.2,2.492973,Illustrative operating path; 48% conversion,,,,revisions/2026-09-29,Model checked,Not issuer guidance; no probability assigned.
Optimistic,2026E,Net credit impairments,Revised operating scenario,204.0,EUR million,235.9,-31.9,-13.522679,Illustrative operating path; 48% conversion,,,,revisions/2026-09-29,Model checked,Not issuer guidance; no probability assigned.
Optimistic,2026E,Net income,Revised operating scenario,1135.3,EUR million,1090.6,44.7,4.098661,Illustrative operating path; 48% conversion,,,,revisions/2026-09-29,Model checked,Not issuer guidance; no probability assigned.
Optimistic,2026E,Customer loans,Revised operating scenario,66389.4,EUR million,65751.1,638.3,0.970782,Illustrative operating path; 48% conversion,,,,revisions/2026-09-29,Model checked,Not issuer guidance; no probability assigned.
Optimistic,2026E,Deposits and other customer resources,Revised operating scenario,96512.7,EUR million,95580.2,932.5,0.97562,Illustrative operating path; 48% conversion,,,,revisions/2026-09-29,Model checked,Not issuer guidance; no probability assigned.
Optimistic,2027E,Net interest income,Revised operating scenario,3153.7,EUR million,3047.4,106.3,3.488219,Illustrative operating path; 48% conversion,,,,revisions/2026-09-29,Model checked,Not issuer guidance; no probability assigned.
Optimistic,2027E,Other operating income,Revised operating scenario,968.5,EUR million,949.8,18.7,1.968836,Illustrative operating path; 48% conversion,,,,revisions/2026-09-29,Model checked,Not issuer guidance; no probability assigned.
Optimistic,2027E,Operating income,Revised operating scenario,4122.2,EUR million,3997.1,125.1,3.129769,Illustrative operating path; 48% conversion,,,,revisions/2026-09-29,Model checked,Not issuer guidance; no probability assigned.
Optimistic,2027E,Operating costs,Revised operating scenario,1491.0,EUR million,1513.0,-22.0,-1.454065,Illustrative operating path; 48% conversion,,,,revisions/2026-09-29,Model checked,Not issuer guidance; no probability assigned.
Optimistic,2027E,Pre-provision operating profit,Revised operating scenario,2631.2,EUR million,2484.1,147.1,5.921662,Illustrative operating path; 48% conversion,,,,revisions/2026-09-29,Model checked,Not issuer guidance; no probability assigned.
Optimistic,2027E,Net credit impairments,Revised operating scenario,209.1,EUR million,273.5,-64.4,-23.546618,Illustrative operating path; 48% conversion,,,,revisions/2026-09-29,Model checked,Not issuer guidance; no probability assigned.
Optimistic,2027E,Net income,Revised operating scenario,1162.6,EUR million,1061.1,101.5,9.565545,Illustrative operating path; 48% conversion,,,,revisions/2026-09-29,Model checked,Not issuer guidance; no probability assigned.
Optimistic,2027E,Customer loans,Revised operating scenario,69708.9,EUR million,68381.1,1327.8,1.941765,Illustrative operating path; 48% conversion,,,,revisions/2026-09-29,Model checked,Not issuer guidance; no probability assigned.
Optimistic,2027E,Deposits and other customer resources,Revised operating scenario,101338.4,EUR million,99403.4,1935.0,1.946613,Illustrative operating path; 48% conversion,,,,revisions/2026-09-29,Model checked,Not issuer guidance; no probability assigned.
Optimistic,2028E,Net interest income,Revised operating scenario,3279.9,EUR million,3138.8,141.1,4.495349,Illustrative operating path; 48% conversion,,,,revisions/2026-09-29,Model checked,Not issuer guidance; no probability assigned.
Optimistic,2028E,Other operating income,Revised operating scenario,1007.3,EUR million,978.3,29.0,2.964326,Illustrative operating path; 48% conversion,,,,revisions/2026-09-29,Model checked,Not issuer guidance; no probability assigned.
Optimistic,2028E,Operating income,Revised operating scenario,4287.1,EUR million,4117.1,170.0,4.12912,Illustrative operating path; 48% conversion,,,,revisions/2026-09-29,Model checked,Not issuer guidance; no probability assigned.
Optimistic,2028E,Operating costs,Revised operating scenario,1528.3,EUR million,1558.4,-30.1,-1.931468,Illustrative operating path; 48% conversion,,,,revisions/2026-09-29,Model checked,Not issuer guidance; no probability assigned.
Optimistic,2028E,Pre-provision operating profit,Revised operating scenario,2758.8,EUR million,2558.7,200.1,7.820378,Illustrative operating path; 48% conversion,,,,revisions/2026-09-29,Model checked,Not issuer guidance; no probability assigned.
Optimistic,2028E,Net credit impairments,Revised operating scenario,256.2,EUR million,320.0,-63.8,-19.9375,Illustrative operating path; 48% conversion,,,,revisions/2026-09-29,Model checked,Not issuer guidance; no probability assigned.
Optimistic,2028E,Net income,Revised operating scenario,1201.3,EUR million,1074.6,126.7,11.790434,Illustrative operating path; 48% conversion,,,,revisions/2026-09-29,Model checked,Not issuer guidance; no probability assigned.
Optimistic,2028E,Customer loans,Revised operating scenario,73194.4,EUR million,71116.4,2078.0,2.92197,Illustrative operating path; 48% conversion,,,,revisions/2026-09-29,Model checked,Not issuer guidance; no probability assigned.
Optimistic,2028E,Deposits and other customer resources,Revised operating scenario,106405.3,EUR million,103379.6,3025.7,2.926786,Illustrative operating path; 48% conversion,,,,revisions/2026-09-29,Model checked,Not issuer guidance; no probability assigned.
