item,category,period,value,unit,source_document,source_type,source_section_or_page,reported_or_calculated,calculation_method,validation_status,notes
Net interest income,Income statement,2022A,2149.8,EUR million,FY2022.pdf,Official results release,PDF p2; current 2022 column,Reported,Transcribed reported indicator; source definition retained,Source verified,FY2022 release.  Verified 2026-09-28. URL: https://ind.millenniumbcp.pt/pt/Institucional/investidores/Documents/ResultadosTrimestrais/2022/Resultados-Millenniumbcp-FY22-27022023.pdf
Net interest income,Profitability,2023A,2825.7,EUR million,FY2024.pdf,Official results release,PDF p2; comparative 2023 column,Reported,Transcribed reported indicator; source definition retained,Source verified,FY2024 release; 2023 restated comparative.  Verified 2026-09-28. URL: https://ind.millenniumbcp.pt/pt/Institucional/investidores/Documents/ResultadosTrimestrais/2024/Resultados_Millenniumbcp_FY24_final_26022025.pdf
Net interest income,Profitability,2024A,2830.9,EUR million,FY2025.pdf,Official results release,PDF p2; comparative 2024 column,Reported,Transcribed reported indicator; source definition retained,Source verified,FY2025 release; 2024 restated comparative.  Verified 2026-09-28. URL: https://ind.millenniumbcp.pt/pt/Institucional/investidores/Documents/ApresentacaoResultados/2025/Resultados_Millenniumbcp_FY25_f_25022026.pdf
Net interest income,Profitability,2025A,2898.1,EUR million,FY2025.pdf,Official results release,PDF p2; current 2025 column,Reported,Transcribed reported indicator; source definition retained,Source verified,FY2025 release.  Verified 2026-09-28. URL: https://ind.millenniumbcp.pt/pt/Institucional/investidores/Documents/ApresentacaoResultados/2025/Resultados_Millenniumbcp_FY25_f_25022026.pdf
Fees and commissions,Profitability,2022A,771.9,EUR million,FY2022.pdf,Official results release,PDF p10; current 2022 column,Reported,Transcribed reported indicator; source definition retained,Source verified,FY2022 release.  Verified 2026-09-28. URL: https://ind.millenniumbcp.pt/pt/Institucional/investidores/Documents/ResultadosTrimestrais/2022/Resultados-Millenniumbcp-FY22-27022023.pdf
Fees and commissions,Profitability,2023A,771.7,EUR million,FY2024.pdf,Official results release,PDF p9; comparative 2023 column,Reported,Transcribed reported indicator; source definition retained,Source verified,FY2024 release; 2023 restated comparative.  Verified 2026-09-28. URL: https://ind.millenniumbcp.pt/pt/Institucional/investidores/Documents/ResultadosTrimestrais/2024/Resultados_Millenniumbcp_FY24_final_26022025.pdf
Fees and commissions,Profitability,2024A,812.7,EUR million,FY2025.pdf,Official results release,PDF p10; comparative 2024 column,Reported,Transcribed reported indicator; source definition retained,Source verified,FY2025 release; 2024 restated comparative.  Verified 2026-09-28. URL: https://ind.millenniumbcp.pt/pt/Institucional/investidores/Documents/ApresentacaoResultados/2025/Resultados_Millenniumbcp_FY25_f_25022026.pdf
Fees and commissions,Profitability,2025A,847.4,EUR million,FY2025.pdf,Official results release,PDF p10; current 2025 column,Reported,Transcribed reported indicator; source definition retained,Source verified,FY2025 release.  Verified 2026-09-28. URL: https://ind.millenniumbcp.pt/pt/Institucional/investidores/Documents/ApresentacaoResultados/2025/Resultados_Millenniumbcp_FY25_f_25022026.pdf
Operating income,Income statement,2022A,2867.5,EUR million,FY2022.pdf,Official results release,PDF p2; current 2022 column,Reported,Transcribed reported indicator; source definition retained,Source verified,FY2022 release.  Verified 2026-09-28. URL: https://ind.millenniumbcp.pt/pt/Institucional/investidores/Documents/ResultadosTrimestrais/2022/Resultados-Millenniumbcp-FY22-27022023.pdf
Operating income,Profitability,2023A,3769.7,EUR million,FY2024.pdf,Official results release,PDF p2; comparative 2023 column,Reported,Transcribed reported indicator; source definition retained,Source verified,FY2024 release; 2023 restated comparative.  Verified 2026-09-28. URL: https://ind.millenniumbcp.pt/pt/Institucional/investidores/Documents/ResultadosTrimestrais/2024/Resultados_Millenniumbcp_FY24_final_26022025.pdf
Operating income,Profitability,2024A,3573.5,EUR million,FY2025.pdf,Official results release,PDF p2; comparative 2024 column,Reported,Transcribed reported indicator; source definition retained,Source verified,FY2025 release; 2024 restated comparative.  Verified 2026-09-28. URL: https://ind.millenniumbcp.pt/pt/Institucional/investidores/Documents/ApresentacaoResultados/2025/Resultados_Millenniumbcp_FY25_f_25022026.pdf
Operating income,Profitability,2025A,3815.2,EUR million,FY2025.pdf,Official results release,PDF p2; current 2025 column,Reported,Transcribed reported indicator; source definition retained,Source verified,FY2025 release.  Verified 2026-09-28. URL: https://ind.millenniumbcp.pt/pt/Institucional/investidores/Documents/ApresentacaoResultados/2025/Resultados_Millenniumbcp_FY25_f_25022026.pdf
Operating costs,Income statement,2022A,1073,EUR million,FY2022.pdf,Official results release,PDF p2; current 2022 column,Reported,Transcribed reported indicator; source definition retained,Source verified,FY2022 release.  Verified 2026-09-28. URL: https://ind.millenniumbcp.pt/pt/Institucional/investidores/Documents/ResultadosTrimestrais/2022/Resultados-Millenniumbcp-FY22-27022023.pdf
Operating costs,Efficiency,2023A,1162.6,EUR million,FY2024.pdf,Official results release,PDF p2; comparative 2023 column,Reported,Transcribed reported indicator; source definition retained,Source verified,FY2024 release; 2023 restated comparative.  Verified 2026-09-28. URL: https://ind.millenniumbcp.pt/pt/Institucional/investidores/Documents/ResultadosTrimestrais/2024/Resultados_Millenniumbcp_FY24_final_26022025.pdf
Operating costs,Efficiency,2024A,1306.1,EUR million,FY2025.pdf,Official results release,PDF p2; comparative 2024 column,Reported,Transcribed reported indicator; source definition retained,Source verified,FY2025 release; 2024 restated comparative.  Verified 2026-09-28. URL: https://ind.millenniumbcp.pt/pt/Institucional/investidores/Documents/ApresentacaoResultados/2025/Resultados_Millenniumbcp_FY25_f_25022026.pdf
Operating costs,Efficiency,2025A,1415.1,EUR million,FY2025.pdf,Official results release,PDF p2; current 2025 column,Reported,Transcribed reported indicator; source definition retained,Source verified,FY2025 release.  Verified 2026-09-28. URL: https://ind.millenniumbcp.pt/pt/Institucional/investidores/Documents/ApresentacaoResultados/2025/Resultados_Millenniumbcp_FY25_f_25022026.pdf
Net income,Income statement,2022A,207.5,EUR million,FY2022.pdf,Official results release,PDF p2; current 2022 column,Reported,Transcribed reported indicator; source definition retained,Source verified,FY2022 release.  Verified 2026-09-28. URL: https://ind.millenniumbcp.pt/pt/Institucional/investidores/Documents/ResultadosTrimestrais/2022/Resultados-Millenniumbcp-FY22-27022023.pdf
Net income,Profitability,2023A,856,EUR million,FY2024.pdf,Official results release,PDF p2; comparative 2023 column,Reported,Transcribed reported indicator; source definition retained,Source verified,FY2024 release; 2023 restated comparative.  Verified 2026-09-28. URL: https://ind.millenniumbcp.pt/pt/Institucional/investidores/Documents/ResultadosTrimestrais/2024/Resultados_Millenniumbcp_FY24_final_26022025.pdf
Net income,Profitability,2024A,906.4,EUR million,FY2025.pdf,Official results release,PDF p2; comparative 2024 column,Reported,Transcribed reported indicator; source definition retained,Source verified,FY2025 release; 2024 restated comparative.  Verified 2026-09-28. URL: https://ind.millenniumbcp.pt/pt/Institucional/investidores/Documents/ApresentacaoResultados/2025/Resultados_Millenniumbcp_FY25_f_25022026.pdf
Net income,Profitability,2025A,1018.6,EUR million,FY2025.pdf,Official results release,PDF p2; current 2025 column,Reported,Transcribed reported indicator; source definition retained,Source verified,FY2025 release.  Verified 2026-09-28. URL: https://ind.millenniumbcp.pt/pt/Institucional/investidores/Documents/ApresentacaoResultados/2025/Resultados_Millenniumbcp_FY25_f_25022026.pdf
Customer loans,Balance sheet,2022A,56198,EUR million,FY2022.pdf,Official results release,PDF p2; current 2022 column,Reported,Transcribed reported indicator; source definition retained,Source verified,FY2022 release. Net customer loans; headline press-release loan growth can refer to gross loans. Verified 2026-09-28. URL: https://ind.millenniumbcp.pt/pt/Institucional/investidores/Documents/ResultadosTrimestrais/2022/Resultados-Millenniumbcp-FY22-27022023.pdf
Customer loans,Balance Sheet,2023A,55218,EUR million,FY2024.pdf,Official results release,PDF p2; comparative 2023 column,Reported,Transcribed reported indicator; source definition retained,Source verified,FY2024 release; 2023 restated comparative. Net customer loans; headline press-release loan growth can refer to gross loans. Verified 2026-09-28. URL: https://ind.millenniumbcp.pt/pt/Institucional/investidores/Documents/ResultadosTrimestrais/2024/Resultados_Millenniumbcp_FY24_final_26022025.pdf
Customer loans,Balance Sheet,2024A,56850,EUR million,FY2025.pdf,Official results release,PDF p2; comparative 2024 column,Reported,Transcribed reported indicator; source definition retained,Source verified,FY2025 release; 2024 restated comparative. Net customer loans; headline press-release loan growth can refer to gross loans. Verified 2026-09-28. URL: https://ind.millenniumbcp.pt/pt/Institucional/investidores/Documents/ApresentacaoResultados/2025/Resultados_Millenniumbcp_FY25_f_25022026.pdf
Customer loans,Balance Sheet,2025A,61240,EUR million,FY2025.pdf,Official results release,PDF p2; current 2025 column,Reported,Transcribed reported indicator; source definition retained,Source verified,FY2025 release. Net customer loans; headline press-release loan growth can refer to gross loans. Verified 2026-09-28. URL: https://ind.millenniumbcp.pt/pt/Institucional/investidores/Documents/ApresentacaoResultados/2025/Resultados_Millenniumbcp_FY25_f_25022026.pdf
Total assets,Balance sheet,2022A,89861,EUR million,FY2022.pdf,Official results release,PDF p2; current 2022 column,Reported,Transcribed reported indicator; source definition retained,Source verified,FY2022 release.  Verified 2026-09-28. URL: https://ind.millenniumbcp.pt/pt/Institucional/investidores/Documents/ResultadosTrimestrais/2022/Resultados-Millenniumbcp-FY22-27022023.pdf
Total assets,Balance Sheet,2023A,94371,EUR million,FY2024.pdf,Official results release,PDF p2; comparative 2023 column,Reported,Transcribed reported indicator; source definition retained,Source verified,FY2024 release; 2023 restated comparative.  Verified 2026-09-28. URL: https://ind.millenniumbcp.pt/pt/Institucional/investidores/Documents/ResultadosTrimestrais/2024/Resultados_Millenniumbcp_FY24_final_26022025.pdf
Total assets,Balance Sheet,2024A,102144,EUR million,FY2025.pdf,Official results release,PDF p2; comparative 2024 column,Reported,Transcribed reported indicator; source definition retained,Source verified,FY2025 release; 2024 restated comparative.  Verified 2026-09-28. URL: https://ind.millenniumbcp.pt/pt/Institucional/investidores/Documents/ApresentacaoResultados/2025/Resultados_Millenniumbcp_FY25_f_25022026.pdf
Total assets,Balance Sheet,2025A,109333,EUR million,FY2025.pdf,Official results release,PDF p2; current 2025 column,Reported,Transcribed reported indicator; source definition retained,Source verified,FY2025 release.  Verified 2026-09-28. URL: https://ind.millenniumbcp.pt/pt/Institucional/investidores/Documents/ApresentacaoResultados/2025/Resultados_Millenniumbcp_FY25_f_25022026.pdf
Equity,Balance sheet,2022A,5921,EUR million,FY2022.pdf,Official results release,PDF p2; current 2022 column,Reported,Transcribed reported indicator; source definition retained,Source verified,FY2022 release.  Verified 2026-09-28. URL: https://ind.millenniumbcp.pt/pt/Institucional/investidores/Documents/ResultadosTrimestrais/2022/Resultados-Millenniumbcp-FY22-27022023.pdf
Equity,Capital,2023A,7290,EUR million,FY2024.pdf,Official results release,PDF p2; comparative 2023 column,Reported,Transcribed reported indicator; source definition retained,Source verified,FY2024 release; 2023 restated comparative. Capital ratios retain the source qualification; 2025 estimated with 25% of unaudited earnings; H1 2026 estimated with 10% of unaudited interim earnings. Verified 2026-09-28. URL: https://ind.millenniumbcp.pt/pt/Institucional/investidores/Documents/ResultadosTrimestrais/2024/Resultados_Millenniumbcp_FY24_final_26022025.pdf
Equity,Capital,2024A,8193,EUR million,FY2025.pdf,Official results release,PDF p2; comparative 2024 column,Reported,Transcribed reported indicator; source definition retained,Source verified,FY2025 release; 2024 restated comparative. Capital ratios retain the source qualification; 2025 estimated with 25% of unaudited earnings; H1 2026 estimated with 10% of unaudited interim earnings. Verified 2026-09-28. URL: https://ind.millenniumbcp.pt/pt/Institucional/investidores/Documents/ApresentacaoResultados/2025/Resultados_Millenniumbcp_FY25_f_25022026.pdf
Equity,Capital,2025A,9061,EUR million,FY2025.pdf,Official results release,PDF p2; current 2025 column,Reported,Transcribed reported indicator; source definition retained,Source verified,FY2025 release. Capital ratios retain the source qualification; 2025 estimated with 25% of unaudited earnings; H1 2026 estimated with 10% of unaudited interim earnings. Verified 2026-09-28. URL: https://ind.millenniumbcp.pt/pt/Institucional/investidores/Documents/ApresentacaoResultados/2025/Resultados_Millenniumbcp_FY25_f_25022026.pdf
Net credit impairments,Asset Quality,2022A,300.6,EUR million,FY2022.pdf,Official results release,PDF p2; current 2022 column,Reported,Transcribed reported indicator; source definition retained,Source verified,FY2022 release.  Verified 2026-09-28. URL: https://ind.millenniumbcp.pt/pt/Institucional/investidores/Documents/ResultadosTrimestrais/2022/Resultados-Millenniumbcp-FY22-27022023.pdf
Other impairments and provisions,Asset Quality,2022A,755.6,EUR million,FY2022.pdf,Official results release,PDF p2; current 2022 column,Reported,Transcribed reported indicator; source definition retained,Source verified,FY2022 release.  Verified 2026-09-28. URL: https://ind.millenniumbcp.pt/pt/Institucional/investidores/Documents/ResultadosTrimestrais/2022/Resultados-Millenniumbcp-FY22-27022023.pdf
Impairments and provisions,Asset Quality,2022A,1056.2,EUR million,FY2022.pdf,Official results release,PDF p2; current 2022 column,Calculated,Net credit impairments + Other impairments and provisions,Recalculated,FY2022 release.  Verified 2026-09-28. URL: https://ind.millenniumbcp.pt/pt/Institucional/investidores/Documents/ResultadosTrimestrais/2022/Resultados-Millenniumbcp-FY22-27022023.pdf
Deposits and other customer resources,Balance Sheet,2022A,75907,EUR million,FY2022.pdf,Official results release,PDF p2; current 2022 column,Reported,Transcribed reported indicator; source definition retained,Source verified,FY2022 release.  Verified 2026-09-28. URL: https://ind.millenniumbcp.pt/pt/Institucional/investidores/Documents/ResultadosTrimestrais/2022/Resultados-Millenniumbcp-FY22-27022023.pdf
Total customer funds,Balance Sheet,2022A,92808,EUR million,FY2022.pdf,Official results release,PDF p2; current 2022 column,Reported,Transcribed reported indicator; source definition retained,Source verified,FY2022 release.  Verified 2026-09-28. URL: https://ind.millenniumbcp.pt/pt/Institucional/investidores/Documents/ResultadosTrimestrais/2022/Resultados-Millenniumbcp-FY22-27022023.pdf
Net credit impairments,Asset Quality,2023A,240,EUR million,FY2024.pdf,Official results release,PDF p2; comparative 2023 column,Reported,Transcribed reported indicator; source definition retained,Source verified,FY2024 release; 2023 restated comparative.  Verified 2026-09-28. URL: https://ind.millenniumbcp.pt/pt/Institucional/investidores/Documents/ResultadosTrimestrais/2024/Resultados_Millenniumbcp_FY24_final_26022025.pdf
Other impairments and provisions,Asset Quality,2023A,859.8,EUR million,FY2024.pdf,Official results release,PDF p2; comparative 2023 column,Reported,Transcribed reported indicator; source definition retained,Source verified,FY2024 release; 2023 restated comparative.  Verified 2026-09-28. URL: https://ind.millenniumbcp.pt/pt/Institucional/investidores/Documents/ResultadosTrimestrais/2024/Resultados_Millenniumbcp_FY24_final_26022025.pdf
Impairments and provisions,Asset Quality,2023A,1099.8,EUR million,FY2024.pdf,Official results release,PDF p2; comparative 2023 column,Calculated,Net credit impairments + Other impairments and provisions,Recalculated,FY2024 release; 2023 restated comparative.  Verified 2026-09-28. URL: https://ind.millenniumbcp.pt/pt/Institucional/investidores/Documents/ResultadosTrimestrais/2024/Resultados_Millenniumbcp_FY24_final_26022025.pdf
Deposits and other customer resources,Balance Sheet,2023A,77928,EUR million,FY2024.pdf,Official results release,PDF p2; comparative 2023 column,Reported,Transcribed reported indicator; source definition retained,Source verified,FY2024 release; 2023 restated comparative.  Verified 2026-09-28. URL: https://ind.millenniumbcp.pt/pt/Institucional/investidores/Documents/ResultadosTrimestrais/2024/Resultados_Millenniumbcp_FY24_final_26022025.pdf
Total customer funds,Balance Sheet,2023A,95328,EUR million,FY2024.pdf,Official results release,PDF p2; comparative 2023 column,Reported,Transcribed reported indicator; source definition retained,Source verified,FY2024 release; 2023 restated comparative.  Verified 2026-09-28. URL: https://ind.millenniumbcp.pt/pt/Institucional/investidores/Documents/ResultadosTrimestrais/2024/Resultados_Millenniumbcp_FY24_final_26022025.pdf
Net credit impairments,Asset Quality,2024A,183.3,EUR million,FY2025.pdf,Official results release,PDF p2; comparative 2024 column,Reported,Transcribed reported indicator; source definition retained,Source verified,FY2025 release; 2024 restated comparative.  Verified 2026-09-28. URL: https://ind.millenniumbcp.pt/pt/Institucional/investidores/Documents/ApresentacaoResultados/2025/Resultados_Millenniumbcp_FY25_f_25022026.pdf
Other impairments and provisions,Asset Quality,2024A,674.2,EUR million,FY2025.pdf,Official results release,PDF p2; comparative 2024 column,Reported,Transcribed reported indicator; source definition retained,Source verified,FY2025 release; 2024 restated comparative.  Verified 2026-09-28. URL: https://ind.millenniumbcp.pt/pt/Institucional/investidores/Documents/ApresentacaoResultados/2025/Resultados_Millenniumbcp_FY25_f_25022026.pdf
Impairments and provisions,Asset Quality,2024A,857.5,EUR million,FY2025.pdf,Official results release,PDF p2; comparative 2024 column,Calculated,Net credit impairments + Other impairments and provisions,Recalculated,FY2025 release; 2024 restated comparative.  Verified 2026-09-28. URL: https://ind.millenniumbcp.pt/pt/Institucional/investidores/Documents/ApresentacaoResultados/2025/Resultados_Millenniumbcp_FY25_f_25022026.pdf
Deposits and other customer resources,Balance Sheet,2024A,84042,EUR million,FY2025.pdf,Official results release,PDF p2; comparative 2024 column,Reported,Transcribed reported indicator; source definition retained,Source verified,FY2025 release; 2024 restated comparative.  Verified 2026-09-28. URL: https://ind.millenniumbcp.pt/pt/Institucional/investidores/Documents/ApresentacaoResultados/2025/Resultados_Millenniumbcp_FY25_f_25022026.pdf
Total customer funds,Balance Sheet,2024A,102938,EUR million,FY2025.pdf,Official results release,PDF p2; comparative 2024 column,Reported,Transcribed reported indicator; source definition retained,Source verified,FY2025 release; 2024 restated comparative.  Verified 2026-09-28. URL: https://ind.millenniumbcp.pt/pt/Institucional/investidores/Documents/ApresentacaoResultados/2025/Resultados_Millenniumbcp_FY25_f_25022026.pdf
Net credit impairments,Asset Quality,2025A,199.5,EUR million,FY2025.pdf,Official results release,PDF p2; current 2025 column,Reported,Transcribed reported indicator; source definition retained,Source verified,FY2025 release.  Verified 2026-09-28. URL: https://ind.millenniumbcp.pt/pt/Institucional/investidores/Documents/ApresentacaoResultados/2025/Resultados_Millenniumbcp_FY25_f_25022026.pdf
Other impairments and provisions,Asset Quality,2025A,625.9,EUR million,FY2025.pdf,Official results release,PDF p2; current 2025 column,Reported,Transcribed reported indicator; source definition retained,Source verified,FY2025 release.  Verified 2026-09-28. URL: https://ind.millenniumbcp.pt/pt/Institucional/investidores/Documents/ApresentacaoResultados/2025/Resultados_Millenniumbcp_FY25_f_25022026.pdf
Impairments and provisions,Asset Quality,2025A,825.4,EUR million,FY2025.pdf,Official results release,PDF p2; current 2025 column,Calculated,Net credit impairments + Other impairments and provisions,Recalculated,FY2025 release.  Verified 2026-09-28. URL: https://ind.millenniumbcp.pt/pt/Institucional/investidores/Documents/ApresentacaoResultados/2025/Resultados_Millenniumbcp_FY25_f_25022026.pdf
Deposits and other customer resources,Balance Sheet,2025A,89749,EUR million,FY2025.pdf,Official results release,PDF p2; current 2025 column,Reported,Transcribed reported indicator; source definition retained,Source verified,FY2025 release.  Verified 2026-09-28. URL: https://ind.millenniumbcp.pt/pt/Institucional/investidores/Documents/ApresentacaoResultados/2025/Resultados_Millenniumbcp_FY25_f_25022026.pdf
Total customer funds,Balance Sheet,2025A,111782,EUR million,FY2025.pdf,Official results release,PDF p2; current 2025 column,Reported,Transcribed reported indicator; source definition retained,Source verified,FY2025 release.  Verified 2026-09-28. URL: https://ind.millenniumbcp.pt/pt/Institucional/investidores/Documents/ApresentacaoResultados/2025/Resultados_Millenniumbcp_FY25_f_25022026.pdf
ROE,Profitability,2022A,4.0,%,FY2022.pdf,Official results release,PDF p2; current 2022 column,Reported,Transcribed reported indicator; source definition retained,Source verified,FY2022 release.  Verified 2026-09-28. URL: https://ind.millenniumbcp.pt/pt/Institucional/investidores/Documents/ResultadosTrimestrais/2022/Resultados-Millenniumbcp-FY22-27022023.pdf
ROE,Profitability,2023A,15.3,%,FY2024.pdf,Official results release,PDF p2; comparative 2023 column,Reported,Transcribed reported indicator; source definition retained,Source verified,FY2024 release; 2023 restated comparative.  Verified 2026-09-28. URL: https://ind.millenniumbcp.pt/pt/Institucional/investidores/Documents/ResultadosTrimestrais/2024/Resultados_Millenniumbcp_FY24_final_26022025.pdf
ROE,Profitability,2024A,13.8,%,FY2025.pdf,Official results release,PDF p2; comparative 2024 column,Reported,Transcribed reported indicator; source definition retained,Source verified,FY2025 release; 2024 restated comparative.  Verified 2026-09-28. URL: https://ind.millenniumbcp.pt/pt/Institucional/investidores/Documents/ApresentacaoResultados/2025/Resultados_Millenniumbcp_FY25_f_25022026.pdf
ROE,Profitability,2025A,14.1,%,FY2025.pdf,Official results release,PDF p2; current 2025 column,Reported,Transcribed reported indicator; source definition retained,Source verified,FY2025 release.  Verified 2026-09-28. URL: https://ind.millenniumbcp.pt/pt/Institucional/investidores/Documents/ApresentacaoResultados/2025/Resultados_Millenniumbcp_FY25_f_25022026.pdf
ROA,Profitability,2022A,0.1,%,FY2022.pdf,Official results release,PDF p2; current 2022 column,Reported,Transcribed reported indicator; source definition retained,Source verified,FY2022 release.  Verified 2026-09-28. URL: https://ind.millenniumbcp.pt/pt/Institucional/investidores/Documents/ResultadosTrimestrais/2022/Resultados-Millenniumbcp-FY22-27022023.pdf
ROA,Profitability,2023A,1.0,%,FY2024.pdf,Official results release,PDF p2; comparative 2023 column,Reported,Transcribed reported indicator; source definition retained,Source verified,FY2024 release; 2023 restated comparative.  Verified 2026-09-28. URL: https://ind.millenniumbcp.pt/pt/Institucional/investidores/Documents/ResultadosTrimestrais/2024/Resultados_Millenniumbcp_FY24_final_26022025.pdf
ROA,Profitability,2024A,1.0,%,FY2025.pdf,Official results release,PDF p2; comparative 2024 column,Reported,Transcribed reported indicator; source definition retained,Source verified,FY2025 release; 2024 restated comparative.  Verified 2026-09-28. URL: https://ind.millenniumbcp.pt/pt/Institucional/investidores/Documents/ApresentacaoResultados/2025/Resultados_Millenniumbcp_FY25_f_25022026.pdf
ROA,Profitability,2025A,1.1,%,FY2025.pdf,Official results release,PDF p2; current 2025 column,Reported,Transcribed reported indicator; source definition retained,Source verified,FY2025 release.  Verified 2026-09-28. URL: https://ind.millenniumbcp.pt/pt/Institucional/investidores/Documents/ApresentacaoResultados/2025/Resultados_Millenniumbcp_FY25_f_25022026.pdf
Net interest margin,Profitability,2022A,2.46,%,FY2022.pdf,Official results release,PDF p2; current 2022 column,Reported,Transcribed reported indicator; source definition retained,Source verified,FY2022 release.  Verified 2026-09-28. URL: https://ind.millenniumbcp.pt/pt/Institucional/investidores/Documents/ResultadosTrimestrais/2022/Resultados-Millenniumbcp-FY22-27022023.pdf
Net interest margin,Profitability,2023A,3.36,%,FY2024.pdf,Official results release,PDF p2; comparative 2023 column,Reported,Transcribed reported indicator; source definition retained,Source verified,FY2024 release; 2023 restated comparative.  Verified 2026-09-28. URL: https://ind.millenniumbcp.pt/pt/Institucional/investidores/Documents/ResultadosTrimestrais/2024/Resultados_Millenniumbcp_FY24_final_26022025.pdf
Net interest margin,Profitability,2024A,3.04,%,FY2025.pdf,Official results release,PDF p2; comparative 2024 column,Reported,Transcribed reported indicator; source definition retained,Source verified,FY2025 release; 2024 restated comparative.  Verified 2026-09-28. URL: https://ind.millenniumbcp.pt/pt/Institucional/investidores/Documents/ApresentacaoResultados/2025/Resultados_Millenniumbcp_FY25_f_25022026.pdf
Net interest margin,Profitability,2025A,2.89,%,FY2025.pdf,Official results release,PDF p2; current 2025 column,Reported,Transcribed reported indicator; source definition retained,Source verified,FY2025 release.  Verified 2026-09-28. URL: https://ind.millenniumbcp.pt/pt/Institucional/investidores/Documents/ApresentacaoResultados/2025/Resultados_Millenniumbcp_FY25_f_25022026.pdf
Cost-to-income ratio,Efficiency,2022A,37.4,%,FY2022.pdf,Official results release,PDF p2; current 2022 column,Reported,Transcribed reported indicator; source definition retained,Source verified,FY2022 release.  Verified 2026-09-28. URL: https://ind.millenniumbcp.pt/pt/Institucional/investidores/Documents/ResultadosTrimestrais/2022/Resultados-Millenniumbcp-FY22-27022023.pdf
Cost-to-income ratio,Efficiency,2023A,30.8,%,FY2024.pdf,Official results release,PDF p2; comparative 2023 column,Reported,Transcribed reported indicator; source definition retained,Source verified,FY2024 release; 2023 restated comparative.  Verified 2026-09-28. URL: https://ind.millenniumbcp.pt/pt/Institucional/investidores/Documents/ResultadosTrimestrais/2024/Resultados_Millenniumbcp_FY24_final_26022025.pdf
Cost-to-income ratio,Efficiency,2024A,36.5,%,FY2025.pdf,Official results release,PDF p2; comparative 2024 column,Reported,Transcribed reported indicator; source definition retained,Source verified,FY2025 release; 2024 restated comparative.  Verified 2026-09-28. URL: https://ind.millenniumbcp.pt/pt/Institucional/investidores/Documents/ApresentacaoResultados/2025/Resultados_Millenniumbcp_FY25_f_25022026.pdf
Cost-to-income ratio,Efficiency,2025A,37.1,%,FY2025.pdf,Official results release,PDF p2; current 2025 column,Reported,Transcribed reported indicator; source definition retained,Source verified,FY2025 release.  Verified 2026-09-28. URL: https://ind.millenniumbcp.pt/pt/Institucional/investidores/Documents/ApresentacaoResultados/2025/Resultados_Millenniumbcp_FY25_f_25022026.pdf
Cost-to-income ratio excluding specific items,Efficiency,2022A,36.8,%,FY2022.pdf,Official results release,PDF p2; current 2022 column,Reported,Transcribed reported indicator; source definition retained,Source verified,FY2022 release.  Verified 2026-09-28. URL: https://ind.millenniumbcp.pt/pt/Institucional/investidores/Documents/ResultadosTrimestrais/2022/Resultados-Millenniumbcp-FY22-27022023.pdf
Cost-to-income ratio excluding specific items,Efficiency,2023A,31.6,%,FY2024.pdf,Official results release,PDF p2; comparative 2023 column,Reported,Transcribed reported indicator; source definition retained,Source verified,FY2024 release; 2023 restated comparative.  Verified 2026-09-28. URL: https://ind.millenniumbcp.pt/pt/Institucional/investidores/Documents/ResultadosTrimestrais/2024/Resultados_Millenniumbcp_FY24_final_26022025.pdf
Cost-to-income ratio excluding specific items,Efficiency,2024A,36.2,%,FY2025.pdf,Official results release,PDF p2; comparative 2024 column,Reported,Transcribed reported indicator; source definition retained,Source verified,FY2025 release; 2024 restated comparative.  Verified 2026-09-28. URL: https://ind.millenniumbcp.pt/pt/Institucional/investidores/Documents/ApresentacaoResultados/2025/Resultados_Millenniumbcp_FY25_f_25022026.pdf
Cost-to-income ratio excluding specific items,Efficiency,2025A,36.5,%,FY2025.pdf,Official results release,PDF p2; current 2025 column,Reported,Transcribed reported indicator; source definition retained,Source verified,FY2025 release.  Verified 2026-09-28. URL: https://ind.millenniumbcp.pt/pt/Institucional/investidores/Documents/ApresentacaoResultados/2025/Resultados_Millenniumbcp_FY25_f_25022026.pdf
Cost of risk,Asset Quality,2022A,52.0,bps,FY2022.pdf,Official results release,PDF p2; current 2022 column,Reported,Transcribed reported indicator; source definition retained,Source verified,FY2022 release.  Verified 2026-09-28. URL: https://ind.millenniumbcp.pt/pt/Institucional/investidores/Documents/ResultadosTrimestrais/2022/Resultados-Millenniumbcp-FY22-27022023.pdf
Cost of risk,Asset Quality,2023A,42.0,bps,FY2024.pdf,Official results release,PDF p2; comparative 2023 column,Reported,Transcribed reported indicator; source definition retained,Source verified,FY2024 release; 2023 restated comparative.  Verified 2026-09-28. URL: https://ind.millenniumbcp.pt/pt/Institucional/investidores/Documents/ResultadosTrimestrais/2024/Resultados_Millenniumbcp_FY24_final_26022025.pdf
Cost of risk,Asset Quality,2024A,31.0,bps,FY2025.pdf,Official results release,PDF p2; comparative 2024 column,Reported,Transcribed reported indicator; source definition retained,Source verified,FY2025 release; 2024 restated comparative.  Verified 2026-09-28. URL: https://ind.millenniumbcp.pt/pt/Institucional/investidores/Documents/ApresentacaoResultados/2025/Resultados_Millenniumbcp_FY25_f_25022026.pdf
Cost of risk,Asset Quality,2025A,32.0,bps,FY2025.pdf,Official results release,PDF p2; current 2025 column,Reported,Transcribed reported indicator; source definition retained,Source verified,FY2025 release.  Verified 2026-09-28. URL: https://ind.millenniumbcp.pt/pt/Institucional/investidores/Documents/ApresentacaoResultados/2025/Resultados_Millenniumbcp_FY25_f_25022026.pdf
NPE ratio,Asset Quality,2022A,3.8,%,FY2022.pdf,Official results release,PDF p2; current 2022 column,Reported,Transcribed reported indicator; source definition retained,Source verified,FY2022 release.  Verified 2026-09-28. URL: https://ind.millenniumbcp.pt/pt/Institucional/investidores/Documents/ResultadosTrimestrais/2022/Resultados-Millenniumbcp-FY22-27022023.pdf
NPE ratio,Asset Quality,2023A,3.4,%,FY2024.pdf,Official results release,PDF p2; comparative 2023 column,Reported,Transcribed reported indicator; source definition retained,Source verified,FY2024 release; 2023 restated comparative.  Verified 2026-09-28. URL: https://ind.millenniumbcp.pt/pt/Institucional/investidores/Documents/ResultadosTrimestrais/2024/Resultados_Millenniumbcp_FY24_final_26022025.pdf
NPE ratio,Asset Quality,2024A,3.1,%,FY2025.pdf,Official results release,PDF p2; comparative 2024 column,Reported,Transcribed reported indicator; source definition retained,Source verified,FY2025 release; 2024 restated comparative.  Verified 2026-09-28. URL: https://ind.millenniumbcp.pt/pt/Institucional/investidores/Documents/ApresentacaoResultados/2025/Resultados_Millenniumbcp_FY25_f_25022026.pdf
NPE ratio,Asset Quality,2025A,2.4,%,FY2025.pdf,Official results release,PDF p2; current 2025 column,Reported,Transcribed reported indicator; source definition retained,Source verified,FY2025 release.  Verified 2026-09-28. URL: https://ind.millenniumbcp.pt/pt/Institucional/investidores/Documents/ApresentacaoResultados/2025/Resultados_Millenniumbcp_FY25_f_25022026.pdf
NPE coverage ratio,Asset Quality,2022A,68.3,%,FY2022.pdf,Official results release,PDF p2; current 2022 column,Reported,Transcribed reported indicator; source definition retained,Source verified,FY2022 release.  Verified 2026-09-28. URL: https://ind.millenniumbcp.pt/pt/Institucional/investidores/Documents/ResultadosTrimestrais/2022/Resultados-Millenniumbcp-FY22-27022023.pdf
NPE coverage ratio,Asset Quality,2023A,81.8,%,FY2024.pdf,Official results release,PDF p2; comparative 2023 column,Reported,Transcribed reported indicator; source definition retained,Source verified,FY2024 release; 2023 restated comparative.  Verified 2026-09-28. URL: https://ind.millenniumbcp.pt/pt/Institucional/investidores/Documents/ResultadosTrimestrais/2024/Resultados_Millenniumbcp_FY24_final_26022025.pdf
NPE coverage ratio,Asset Quality,2024A,82.2,%,FY2025.pdf,Official results release,PDF p2; comparative 2024 column,Reported,Transcribed reported indicator; source definition retained,Source verified,FY2025 release; 2024 restated comparative.  Verified 2026-09-28. URL: https://ind.millenniumbcp.pt/pt/Institucional/investidores/Documents/ApresentacaoResultados/2025/Resultados_Millenniumbcp_FY25_f_25022026.pdf
NPE coverage ratio,Asset Quality,2025A,90.9,%,FY2025.pdf,Official results release,PDF p2; current 2025 column,Reported,Transcribed reported indicator; source definition retained,Source verified,FY2025 release.  Verified 2026-09-28. URL: https://ind.millenniumbcp.pt/pt/Institucional/investidores/Documents/ApresentacaoResultados/2025/Resultados_Millenniumbcp_FY25_f_25022026.pdf
Restructured loans ratio,Asset Quality,2022A,3.2,%,FY2022.pdf,Official results release,PDF p2; current 2022 column,Reported,Transcribed reported indicator; source definition retained,Source verified,FY2022 release.  Verified 2026-09-28. URL: https://ind.millenniumbcp.pt/pt/Institucional/investidores/Documents/ResultadosTrimestrais/2022/Resultados-Millenniumbcp-FY22-27022023.pdf
Restructured loans ratio,Asset Quality,2023A,3.0,%,FY2024.pdf,Official results release,PDF p2; comparative 2023 column,Reported,Transcribed reported indicator; source definition retained,Source verified,FY2024 release; 2023 restated comparative.  Verified 2026-09-28. URL: https://ind.millenniumbcp.pt/pt/Institucional/investidores/Documents/ResultadosTrimestrais/2024/Resultados_Millenniumbcp_FY24_final_26022025.pdf
Restructured loans ratio,Asset Quality,2024A,2.6,%,FY2025.pdf,Official results release,PDF p2; comparative 2024 column,Reported,Transcribed reported indicator; source definition retained,Source verified,FY2025 release; 2024 restated comparative.  Verified 2026-09-28. URL: https://ind.millenniumbcp.pt/pt/Institucional/investidores/Documents/ApresentacaoResultados/2025/Resultados_Millenniumbcp_FY25_f_25022026.pdf
Restructured loans ratio,Asset Quality,2025A,1.8,%,FY2025.pdf,Official results release,PDF p2; current 2025 column,Reported,Transcribed reported indicator; source definition retained,Source verified,FY2025 release.  Verified 2026-09-28. URL: https://ind.millenniumbcp.pt/pt/Institucional/investidores/Documents/ApresentacaoResultados/2025/Resultados_Millenniumbcp_FY25_f_25022026.pdf
Loan-to-deposit ratio,Liquidity,2022A,74.0,%,FY2022.pdf,Official results release,PDF p2; current 2022 column,Reported,Transcribed reported indicator; source definition retained,Source verified,FY2022 release.  Verified 2026-09-28. URL: https://ind.millenniumbcp.pt/pt/Institucional/investidores/Documents/ResultadosTrimestrais/2022/Resultados-Millenniumbcp-FY22-27022023.pdf
Loan-to-deposit ratio,Liquidity,2023A,70.9,%,FY2024.pdf,Official results release,PDF p2; comparative 2023 column,Reported,Transcribed reported indicator; source definition retained,Source verified,FY2024 release; 2023 restated comparative.  Verified 2026-09-28. URL: https://ind.millenniumbcp.pt/pt/Institucional/investidores/Documents/ResultadosTrimestrais/2024/Resultados_Millenniumbcp_FY24_final_26022025.pdf
Loan-to-deposit ratio,Liquidity,2024A,67.6,%,FY2025.pdf,Official results release,PDF p2; comparative 2024 column,Reported,Transcribed reported indicator; source definition retained,Source verified,FY2025 release; 2024 restated comparative.  Verified 2026-09-28. URL: https://ind.millenniumbcp.pt/pt/Institucional/investidores/Documents/ApresentacaoResultados/2025/Resultados_Millenniumbcp_FY25_f_25022026.pdf
Loan-to-deposit ratio,Liquidity,2025A,68.2,%,FY2025.pdf,Official results release,PDF p2; current 2025 column,Reported,Transcribed reported indicator; source definition retained,Source verified,FY2025 release.  Verified 2026-09-28. URL: https://ind.millenniumbcp.pt/pt/Institucional/investidores/Documents/ApresentacaoResultados/2025/Resultados_Millenniumbcp_FY25_f_25022026.pdf
Loan-to-balance-sheet-customer-resources ratio,Liquidity,2022A,72.7,%,FY2022.pdf,Official results release,PDF p2; current 2022 column,Reported,Transcribed reported indicator; source definition retained,Source verified,FY2022 release.  Verified 2026-09-28. URL: https://ind.millenniumbcp.pt/pt/Institucional/investidores/Documents/ResultadosTrimestrais/2022/Resultados-Millenniumbcp-FY22-27022023.pdf
Loan-to-balance-sheet-customer-resources ratio,Liquidity,2023A,69.7,%,FY2024.pdf,Official results release,PDF p2; comparative 2023 column,Reported,Transcribed reported indicator; source definition retained,Source verified,FY2024 release; 2023 restated comparative.  Verified 2026-09-28. URL: https://ind.millenniumbcp.pt/pt/Institucional/investidores/Documents/ResultadosTrimestrais/2024/Resultados_Millenniumbcp_FY24_final_26022025.pdf
Loan-to-balance-sheet-customer-resources ratio,Liquidity,2024A,66.6,%,FY2025.pdf,Official results release,PDF p2; comparative 2024 column,Reported,Transcribed reported indicator; source definition retained,Source verified,FY2025 release; 2024 restated comparative.  Verified 2026-09-28. URL: https://ind.millenniumbcp.pt/pt/Institucional/investidores/Documents/ApresentacaoResultados/2025/Resultados_Millenniumbcp_FY25_f_25022026.pdf
Loan-to-balance-sheet-customer-resources ratio,Liquidity,2025A,67.1,%,FY2025.pdf,Official results release,PDF p2; current 2025 column,Reported,Transcribed reported indicator; source definition retained,Source verified,FY2025 release.  Verified 2026-09-28. URL: https://ind.millenniumbcp.pt/pt/Institucional/investidores/Documents/ApresentacaoResultados/2025/Resultados_Millenniumbcp_FY25_f_25022026.pdf
LCR,Liquidity,2022A,212.0,%,FY2022.pdf,Official results release,PDF p2; current 2022 column,Reported,Transcribed reported indicator; source definition retained,Source verified,FY2022 release.  Verified 2026-09-28. URL: https://ind.millenniumbcp.pt/pt/Institucional/investidores/Documents/ResultadosTrimestrais/2022/Resultados-Millenniumbcp-FY22-27022023.pdf
LCR,Liquidity,2023A,276.0,%,FY2024.pdf,Official results release,PDF p2; comparative 2023 column,Reported,Transcribed reported indicator; source definition retained,Source verified,FY2024 release; 2023 restated comparative.  Verified 2026-09-28. URL: https://ind.millenniumbcp.pt/pt/Institucional/investidores/Documents/ResultadosTrimestrais/2024/Resultados_Millenniumbcp_FY24_final_26022025.pdf
LCR,Liquidity,2024A,342.0,%,FY2025.pdf,Official results release,PDF p2; comparative 2024 column,Reported,Transcribed reported indicator; source definition retained,Source verified,FY2025 release; 2024 restated comparative.  Verified 2026-09-28. URL: https://ind.millenniumbcp.pt/pt/Institucional/investidores/Documents/ApresentacaoResultados/2025/Resultados_Millenniumbcp_FY25_f_25022026.pdf
LCR,Liquidity,2025A,334.0,%,FY2025.pdf,Official results release,PDF p2; current 2025 column,Reported,Transcribed reported indicator; source definition retained,Source verified,FY2025 release.  Verified 2026-09-28. URL: https://ind.millenniumbcp.pt/pt/Institucional/investidores/Documents/ApresentacaoResultados/2025/Resultados_Millenniumbcp_FY25_f_25022026.pdf
NSFR,Liquidity,2022A,154.0,%,FY2022.pdf,Official results release,PDF p2; current 2022 column,Reported,Transcribed reported indicator; source definition retained,Source verified,FY2022 release.  Verified 2026-09-28. URL: https://ind.millenniumbcp.pt/pt/Institucional/investidores/Documents/ResultadosTrimestrais/2022/Resultados-Millenniumbcp-FY22-27022023.pdf
NSFR,Liquidity,2023A,167.0,%,FY2024.pdf,Official results release,PDF p2; comparative 2023 column,Reported,Transcribed reported indicator; source definition retained,Source verified,FY2024 release; 2023 restated comparative.  Verified 2026-09-28. URL: https://ind.millenniumbcp.pt/pt/Institucional/investidores/Documents/ResultadosTrimestrais/2024/Resultados_Millenniumbcp_FY24_final_26022025.pdf
NSFR,Liquidity,2024A,181.0,%,FY2025.pdf,Official results release,PDF p2; comparative 2024 column,Reported,Transcribed reported indicator; source definition retained,Source verified,FY2025 release; 2024 restated comparative.  Verified 2026-09-28. URL: https://ind.millenniumbcp.pt/pt/Institucional/investidores/Documents/ApresentacaoResultados/2025/Resultados_Millenniumbcp_FY25_f_25022026.pdf
NSFR,Liquidity,2025A,180.0,%,FY2025.pdf,Official results release,PDF p2; current 2025 column,Reported,Transcribed reported indicator; source definition retained,Source verified,FY2025 release.  Verified 2026-09-28. URL: https://ind.millenniumbcp.pt/pt/Institucional/investidores/Documents/ApresentacaoResultados/2025/Resultados_Millenniumbcp_FY25_f_25022026.pdf
CET1 phased-in ratio,Capital,2022A,12.6,%,FY2022.pdf,Official results release,PDF p2; current 2022 column,Reported,Transcribed reported indicator; source definition retained,Source verified,FY2022 release. Capital ratios retain the source qualification; 2025 estimated with 25% of unaudited earnings; H1 2026 estimated with 10% of unaudited interim earnings. Verified 2026-09-28. URL: https://ind.millenniumbcp.pt/pt/Institucional/investidores/Documents/ResultadosTrimestrais/2022/Resultados-Millenniumbcp-FY22-27022023.pdf
CET1 phased-in ratio,Capital,2023A,15.5,%,FY2024.pdf,Official results release,PDF p2; comparative 2023 column,Reported,Transcribed reported indicator; source definition retained,Source verified,FY2024 release; 2023 restated comparative. Capital ratios retain the source qualification; 2025 estimated with 25% of unaudited earnings; H1 2026 estimated with 10% of unaudited interim earnings. Verified 2026-09-28. URL: https://ind.millenniumbcp.pt/pt/Institucional/investidores/Documents/ResultadosTrimestrais/2024/Resultados_Millenniumbcp_FY24_final_26022025.pdf
CET1 phased-in ratio,Capital,2024A,16.4,%,FY2025.pdf,Official results release,PDF p2; comparative 2024 column,Reported,Transcribed reported indicator; source definition retained,Source verified,FY2025 release; 2024 restated comparative. Capital ratios retain the source qualification; 2025 estimated with 25% of unaudited earnings; H1 2026 estimated with 10% of unaudited interim earnings. Verified 2026-09-28. URL: https://ind.millenniumbcp.pt/pt/Institucional/investidores/Documents/ApresentacaoResultados/2025/Resultados_Millenniumbcp_FY25_f_25022026.pdf
CET1 phased-in ratio,Capital,2025A,16.1,%,FY2025.pdf,Official results release,PDF p2; current 2025 column,Reported,Transcribed reported indicator; source definition retained,Source verified,FY2025 release. Capital ratios retain the source qualification; 2025 estimated with 25% of unaudited earnings; H1 2026 estimated with 10% of unaudited interim earnings. Verified 2026-09-28. URL: https://ind.millenniumbcp.pt/pt/Institucional/investidores/Documents/ApresentacaoResultados/2025/Resultados_Millenniumbcp_FY25_f_25022026.pdf
CET1 fully implemented ratio,Capital,2022A,12.5,%,FY2022.pdf,Official results release,PDF p2; current 2022 column,Reported,Transcribed reported indicator; source definition retained,Source verified,FY2022 release. Capital ratios retain the source qualification; 2025 estimated with 25% of unaudited earnings; H1 2026 estimated with 10% of unaudited interim earnings. Verified 2026-09-28. URL: https://ind.millenniumbcp.pt/pt/Institucional/investidores/Documents/ResultadosTrimestrais/2022/Resultados-Millenniumbcp-FY22-27022023.pdf
CET1 fully implemented ratio,Capital,2023A,15.4,%,FY2024.pdf,Official results release,PDF p2; comparative 2023 column,Reported,Transcribed reported indicator; source definition retained,Source verified,FY2024 release; 2023 restated comparative. Capital ratios retain the source qualification; 2025 estimated with 25% of unaudited earnings; H1 2026 estimated with 10% of unaudited interim earnings. Verified 2026-09-28. URL: https://ind.millenniumbcp.pt/pt/Institucional/investidores/Documents/ResultadosTrimestrais/2024/Resultados_Millenniumbcp_FY24_final_26022025.pdf
CET1 fully implemented ratio,Capital,2024A,16.3,%,FY2025.pdf,Official results release,PDF p2; comparative 2024 column,Reported,Transcribed reported indicator; source definition retained,Source verified,FY2025 release; 2024 restated comparative. Capital ratios retain the source qualification; 2025 estimated with 25% of unaudited earnings; H1 2026 estimated with 10% of unaudited interim earnings. Verified 2026-09-28. URL: https://ind.millenniumbcp.pt/pt/Institucional/investidores/Documents/ApresentacaoResultados/2025/Resultados_Millenniumbcp_FY25_f_25022026.pdf
CET1 fully implemented ratio,Capital,2025A,15.9,%,FY2025.pdf,Official results release,PDF p2; current 2025 column,Reported,Transcribed reported indicator; source definition retained,Source verified,FY2025 release. Capital ratios retain the source qualification; 2025 estimated with 25% of unaudited earnings; H1 2026 estimated with 10% of unaudited interim earnings. Verified 2026-09-28. URL: https://ind.millenniumbcp.pt/pt/Institucional/investidores/Documents/ApresentacaoResultados/2025/Resultados_Millenniumbcp_FY25_f_25022026.pdf
Total capital fully implemented ratio,Capital,2022A,16.8,%,FY2022.pdf,Official results release,PDF p2; current 2022 column,Reported,Transcribed reported indicator; source definition retained,Source verified,FY2022 release. Capital ratios retain the source qualification; 2025 estimated with 25% of unaudited earnings; H1 2026 estimated with 10% of unaudited interim earnings. Verified 2026-09-28. URL: https://ind.millenniumbcp.pt/pt/Institucional/investidores/Documents/ResultadosTrimestrais/2022/Resultados-Millenniumbcp-FY22-27022023.pdf
Total capital fully implemented ratio,Capital,2023A,19.9,%,FY2024.pdf,Official results release,PDF p2; comparative 2023 column,Reported,Transcribed reported indicator; source definition retained,Source verified,FY2024 release; 2023 restated comparative. Capital ratios retain the source qualification; 2025 estimated with 25% of unaudited earnings; H1 2026 estimated with 10% of unaudited interim earnings. Verified 2026-09-28. URL: https://ind.millenniumbcp.pt/pt/Institucional/investidores/Documents/ResultadosTrimestrais/2024/Resultados_Millenniumbcp_FY24_final_26022025.pdf
Total capital fully implemented ratio,Capital,2024A,20.6,%,FY2025.pdf,Official results release,PDF p2; comparative 2024 column,Reported,Transcribed reported indicator; source definition retained,Source verified,FY2025 release; 2024 restated comparative. Capital ratios retain the source qualification; 2025 estimated with 25% of unaudited earnings; H1 2026 estimated with 10% of unaudited interim earnings. Verified 2026-09-28. URL: https://ind.millenniumbcp.pt/pt/Institucional/investidores/Documents/ApresentacaoResultados/2025/Resultados_Millenniumbcp_FY25_f_25022026.pdf
Total capital fully implemented ratio,Capital,2025A,19.9,%,FY2025.pdf,Official results release,PDF p2; current 2025 column,Reported,Transcribed reported indicator; source definition retained,Source verified,FY2025 release. Capital ratios retain the source qualification; 2025 estimated with 25% of unaudited earnings; H1 2026 estimated with 10% of unaudited interim earnings. Verified 2026-09-28. URL: https://ind.millenniumbcp.pt/pt/Institucional/investidores/Documents/ApresentacaoResultados/2025/Resultados_Millenniumbcp_FY25_f_25022026.pdf
EPS,Per Share,2022A,0.011,EUR,Relatorio-Grupo-BCP-2022.pdf,Official annual report,PDF p25; current 2022 column,Reported,Transcribed reported indicator; source definition retained,Source verified,"Annual report share indicators / EPS note, as specified. Reported EPS; adjusted for AT1 interest. Do not divide total group net income by closing shares. Verified 2026-09-28. URL: https://ind.millenniumbcp.pt/pt/Institucional/investidores/Documents/RelatorioContas/2022/Relatorio-Grupo-BCP-2022.pdf"
EPS,Per Share,2023A,0.054,EUR,RABCP2024Vol1PT.pdf,Official annual report,PDF p245; comparative 2023 column,Reported,Transcribed reported indicator; source definition retained,Source verified,"Annual report share indicators / EPS note, as specified. Reported EPS; adjusted for AT1 interest. Do not divide total group net income by closing shares. Verified 2026-09-28. URL: https://ind.millenniumbcp.pt/pt/Institucional/investidores/Documents/RelatorioContas/2024/RABCP2024Vol1PT.pdf"
EPS,Per Share,2024A,0.058,EUR,RCBCP2025PT.pdf,Official annual report,PDF p29; comparative 2024 column,Reported,Transcribed reported indicator; source definition retained,Source verified,"Annual report share indicators / EPS note, as specified. Reported EPS; adjusted for AT1 interest. Do not divide total group net income by closing shares. Verified 2026-09-28. URL: https://ind.millenniumbcp.pt/pt/Institucional/investidores/Documents/RelatorioContas/2025/RCBCP2025PT.pdf"
EPS,Per Share,2025A,0.066,EUR,RCBCP2025PT.pdf,Official annual report,PDF p29; current 2025 column,Reported,Transcribed reported indicator; source definition retained,Source verified,"Annual report share indicators / EPS note, as specified. Reported EPS; adjusted for AT1 interest. Do not divide total group net income by closing shares. Verified 2026-09-28. URL: https://ind.millenniumbcp.pt/pt/Institucional/investidores/Documents/RelatorioContas/2025/RCBCP2025PT.pdf"
Book value per share,Per Share,2022A,0.314,EUR,Relatorio-Grupo-BCP-2022.pdf,Official annual report,PDF p25; current 2022 column,Reported,Transcribed reported indicator; source definition retained,Source verified,"Annual report share indicators / EPS note, as specified. Source-defined book value per share; do not divide total consolidated equity by closing shares. Verified 2026-09-28. URL: https://ind.millenniumbcp.pt/pt/Institucional/investidores/Documents/RelatorioContas/2022/Relatorio-Grupo-BCP-2022.pdf"
Book value per share,Per Share,2023A,0.417,EUR,RABCP2024Vol1PT.pdf,Official annual report,PDF p26; comparative 2023 column,Reported,Transcribed reported indicator; source definition retained,Source verified,"Annual report share indicators / EPS note, as specified. Source-defined book value per share; do not divide total consolidated equity by closing shares. Verified 2026-09-28. URL: https://ind.millenniumbcp.pt/pt/Institucional/investidores/Documents/RelatorioContas/2024/RABCP2024Vol1PT.pdf"
Book value per share,Per Share,2024A,0.469,EUR,RCBCP2025PT.pdf,Official annual report,PDF p29; comparative 2024 column,Reported,Transcribed reported indicator; source definition retained,Source verified,"Annual report share indicators / EPS note, as specified. Source-defined book value per share; do not divide total consolidated equity by closing shares. Verified 2026-09-28. URL: https://ind.millenniumbcp.pt/pt/Institucional/investidores/Documents/RelatorioContas/2025/RCBCP2025PT.pdf"
Book value per share,Per Share,2025A,0.528,EUR,RCBCP2025PT.pdf,Official annual report,PDF p29; current 2025 column,Reported,Transcribed reported indicator; source definition retained,Source verified,"Annual report share indicators / EPS note, as specified. Source-defined book value per share; do not divide total consolidated equity by closing shares. Verified 2026-09-28. URL: https://ind.millenniumbcp.pt/pt/Institucional/investidores/Documents/RelatorioContas/2025/RCBCP2025PT.pdf"
Net interest income,Income statement,2025H1A,1444.1,EUR million,H12026.pdf,Official results release,PDF p2; comparative H1 column,Reported,Transcribed reported indicator; source definition retained,Source verified,H1 2026 release; H1 2025 comparative restated to exclude reverse repos.  Verified 2026-09-28. URL: https://ind.millenniumbcp.pt/pt/Institucional/investidores/Documents/ApresentacaoResultados/2026/20260729_Resultados_Millennium_BCP_1S26.pdf
Net interest income,Income statement,2026H1A,1493.8,EUR million,H12026.pdf,Official results release,PDF p2; current H1 column,Reported,Transcribed reported indicator; source definition retained,Source verified,H1 2026 release; H1 2025 comparative restated to exclude reverse repos.  Verified 2026-09-28. URL: https://ind.millenniumbcp.pt/pt/Institucional/investidores/Documents/ApresentacaoResultados/2026/20260729_Resultados_Millennium_BCP_1S26.pdf
Fees and commissions,Profitability,2025H1A,413.8,EUR million,H12026.pdf,Official results release,PDF p9; comparative H1 column,Reported,Transcribed reported indicator; source definition retained,Source verified,H1 2026 release; H1 2025 comparative restated to exclude reverse repos.  Verified 2026-09-28. URL: https://ind.millenniumbcp.pt/pt/Institucional/investidores/Documents/ApresentacaoResultados/2026/20260729_Resultados_Millennium_BCP_1S26.pdf
Fees and commissions,Profitability,2026H1A,438,EUR million,H12026.pdf,Official results release,PDF p9; current H1 column,Reported,Transcribed reported indicator; source definition retained,Source verified,H1 2026 release; H1 2025 comparative restated to exclude reverse repos.  Verified 2026-09-28. URL: https://ind.millenniumbcp.pt/pt/Institucional/investidores/Documents/ApresentacaoResultados/2026/20260729_Resultados_Millennium_BCP_1S26.pdf
Operating income,Income statement,2025H1A,1848,EUR million,H12026.pdf,Official results release,PDF p2; comparative H1 column,Reported,Transcribed reported indicator; source definition retained,Source verified,H1 2026 release; H1 2025 comparative restated to exclude reverse repos.  Verified 2026-09-28. URL: https://ind.millenniumbcp.pt/pt/Institucional/investidores/Documents/ApresentacaoResultados/2026/20260729_Resultados_Millennium_BCP_1S26.pdf
Operating income,Income statement,2026H1A,1950.3,EUR million,H12026.pdf,Official results release,PDF p2; current H1 column,Reported,Transcribed reported indicator; source definition retained,Source verified,H1 2026 release; H1 2025 comparative restated to exclude reverse repos.  Verified 2026-09-28. URL: https://ind.millenniumbcp.pt/pt/Institucional/investidores/Documents/ApresentacaoResultados/2026/20260729_Resultados_Millennium_BCP_1S26.pdf
Operating costs,Income statement,2025H1A,683.5,EUR million,H12026.pdf,Official results release,PDF p2; comparative H1 column,Reported,Transcribed reported indicator; source definition retained,Source verified,H1 2026 release; H1 2025 comparative restated to exclude reverse repos.  Verified 2026-09-28. URL: https://ind.millenniumbcp.pt/pt/Institucional/investidores/Documents/ApresentacaoResultados/2026/20260729_Resultados_Millennium_BCP_1S26.pdf
Operating costs,Income statement,2026H1A,720.2,EUR million,H12026.pdf,Official results release,PDF p2; current H1 column,Reported,Transcribed reported indicator; source definition retained,Source verified,H1 2026 release; H1 2025 comparative restated to exclude reverse repos.  Verified 2026-09-28. URL: https://ind.millenniumbcp.pt/pt/Institucional/investidores/Documents/ApresentacaoResultados/2026/20260729_Resultados_Millennium_BCP_1S26.pdf
Net credit impairments,Asset Quality,2025H1A,89.8,EUR million,H12026.pdf,Official results release,PDF p2; comparative H1 column,Reported,Transcribed reported indicator; source definition retained,Source verified,H1 2026 release; H1 2025 comparative restated to exclude reverse repos.  Verified 2026-09-28. URL: https://ind.millenniumbcp.pt/pt/Institucional/investidores/Documents/ApresentacaoResultados/2026/20260729_Resultados_Millennium_BCP_1S26.pdf
Net credit impairments,Asset Quality,2026H1A,104.4,EUR million,H12026.pdf,Official results release,PDF p2; current H1 column,Reported,Transcribed reported indicator; source definition retained,Source verified,H1 2026 release; H1 2025 comparative restated to exclude reverse repos.  Verified 2026-09-28. URL: https://ind.millenniumbcp.pt/pt/Institucional/investidores/Documents/ApresentacaoResultados/2026/20260729_Resultados_Millennium_BCP_1S26.pdf
Other impairments and provisions,Asset Quality,2025H1A,280.6,EUR million,H12026.pdf,Official results release,PDF p2; comparative H1 column,Reported,Transcribed reported indicator; source definition retained,Source verified,H1 2026 release; H1 2025 comparative restated to exclude reverse repos.  Verified 2026-09-28. URL: https://ind.millenniumbcp.pt/pt/Institucional/investidores/Documents/ApresentacaoResultados/2026/20260729_Resultados_Millennium_BCP_1S26.pdf
Other impairments and provisions,Asset Quality,2026H1A,188.5,EUR million,H12026.pdf,Official results release,PDF p2; current H1 column,Reported,Transcribed reported indicator; source definition retained,Source verified,H1 2026 release; H1 2025 comparative restated to exclude reverse repos.  Verified 2026-09-28. URL: https://ind.millenniumbcp.pt/pt/Institucional/investidores/Documents/ApresentacaoResultados/2026/20260729_Resultados_Millennium_BCP_1S26.pdf
Impairments and provisions,Asset Quality,2025H1A,370.4,EUR million,H12026.pdf,Official results release,PDF p2; comparative H1 column,Calculated,Net credit impairments + Other impairments and provisions,Recalculated,H1 2026 release; H1 2025 comparative restated to exclude reverse repos.  Verified 2026-09-28. URL: https://ind.millenniumbcp.pt/pt/Institucional/investidores/Documents/ApresentacaoResultados/2026/20260729_Resultados_Millennium_BCP_1S26.pdf
Impairments and provisions,Asset Quality,2026H1A,292.9,EUR million,H12026.pdf,Official results release,PDF p2; current H1 column,Calculated,Net credit impairments + Other impairments and provisions,Recalculated,H1 2026 release; H1 2025 comparative restated to exclude reverse repos.  Verified 2026-09-28. URL: https://ind.millenniumbcp.pt/pt/Institucional/investidores/Documents/ApresentacaoResultados/2026/20260729_Resultados_Millennium_BCP_1S26.pdf
Net income,Income statement,2025H1A,502.3,EUR million,H12026.pdf,Official results release,PDF p2; comparative H1 column,Reported,Transcribed reported indicator; source definition retained,Source verified,H1 2026 release; H1 2025 comparative restated to exclude reverse repos.  Verified 2026-09-28. URL: https://ind.millenniumbcp.pt/pt/Institucional/investidores/Documents/ApresentacaoResultados/2026/20260729_Resultados_Millennium_BCP_1S26.pdf
Net income,Income statement,2026H1A,565.8,EUR million,H12026.pdf,Official results release,PDF p2; current H1 column,Reported,Transcribed reported indicator; source definition retained,Source verified,H1 2026 release; H1 2025 comparative restated to exclude reverse repos.  Verified 2026-09-28. URL: https://ind.millenniumbcp.pt/pt/Institucional/investidores/Documents/ApresentacaoResultados/2026/20260729_Resultados_Millennium_BCP_1S26.pdf
Customer loans,Balance sheet,2025H1A,58839,EUR million,H12026.pdf,Official results release,PDF p2; comparative H1 column,Reported,Transcribed reported indicator; source definition retained,Source verified,H1 2026 release; H1 2025 comparative restated to exclude reverse repos. Net customer loans; headline press-release loan growth can refer to gross loans. Verified 2026-09-28. URL: https://ind.millenniumbcp.pt/pt/Institucional/investidores/Documents/ApresentacaoResultados/2026/20260729_Resultados_Millennium_BCP_1S26.pdf
Customer loans,Balance sheet,2026H1A,63836,EUR million,H12026.pdf,Official results release,PDF p2; current H1 column,Reported,Transcribed reported indicator; source definition retained,Source verified,H1 2026 release; H1 2025 comparative restated to exclude reverse repos. Net customer loans; headline press-release loan growth can refer to gross loans. Verified 2026-09-28. URL: https://ind.millenniumbcp.pt/pt/Institucional/investidores/Documents/ApresentacaoResultados/2026/20260729_Resultados_Millennium_BCP_1S26.pdf
Deposits and other customer resources,Balance Sheet,2025H1A,85950,EUR million,H12026.pdf,Official results release,PDF p2; comparative H1 column,Reported,Transcribed reported indicator; source definition retained,Source verified,H1 2026 release; H1 2025 comparative restated to exclude reverse repos.  Verified 2026-09-28. URL: https://ind.millenniumbcp.pt/pt/Institucional/investidores/Documents/ApresentacaoResultados/2026/20260729_Resultados_Millennium_BCP_1S26.pdf
Deposits and other customer resources,Balance Sheet,2026H1A,93249,EUR million,H12026.pdf,Official results release,PDF p2; current H1 column,Reported,Transcribed reported indicator; source definition retained,Source verified,H1 2026 release; H1 2025 comparative restated to exclude reverse repos.  Verified 2026-09-28. URL: https://ind.millenniumbcp.pt/pt/Institucional/investidores/Documents/ApresentacaoResultados/2026/20260729_Resultados_Millennium_BCP_1S26.pdf
Total customer funds,Balance Sheet,2025H1A,106246,EUR million,H12026.pdf,Official results release,PDF p2; comparative H1 column,Reported,Transcribed reported indicator; source definition retained,Source verified,H1 2026 release; H1 2025 comparative restated to exclude reverse repos.  Verified 2026-09-28. URL: https://ind.millenniumbcp.pt/pt/Institucional/investidores/Documents/ApresentacaoResultados/2026/20260729_Resultados_Millennium_BCP_1S26.pdf
Total customer funds,Balance Sheet,2026H1A,116655,EUR million,H12026.pdf,Official results release,PDF p2; current H1 column,Reported,Transcribed reported indicator; source definition retained,Source verified,H1 2026 release; H1 2025 comparative restated to exclude reverse repos.  Verified 2026-09-28. URL: https://ind.millenniumbcp.pt/pt/Institucional/investidores/Documents/ApresentacaoResultados/2026/20260729_Resultados_Millennium_BCP_1S26.pdf
Total assets,Balance sheet,2025H1A,105466,EUR million,H12026.pdf,Official results release,PDF p2; comparative H1 column,Reported,Transcribed reported indicator; source definition retained,Source verified,H1 2026 release; H1 2025 comparative restated to exclude reverse repos.  Verified 2026-09-28. URL: https://ind.millenniumbcp.pt/pt/Institucional/investidores/Documents/ApresentacaoResultados/2026/20260729_Resultados_Millennium_BCP_1S26.pdf
Total assets,Balance sheet,2026H1A,114800,EUR million,H12026.pdf,Official results release,PDF p2; current H1 column,Reported,Transcribed reported indicator; source definition retained,Source verified,H1 2026 release; H1 2025 comparative restated to exclude reverse repos.  Verified 2026-09-28. URL: https://ind.millenniumbcp.pt/pt/Institucional/investidores/Documents/ApresentacaoResultados/2026/20260729_Resultados_Millennium_BCP_1S26.pdf
Equity,Balance sheet,2025H1A,8404,EUR million,H12026.pdf,Official results release,PDF p2; comparative H1 column,Reported,Transcribed reported indicator; source definition retained,Source verified,H1 2026 release; H1 2025 comparative restated to exclude reverse repos.  Verified 2026-09-28. URL: https://ind.millenniumbcp.pt/pt/Institucional/investidores/Documents/ApresentacaoResultados/2026/20260729_Resultados_Millennium_BCP_1S26.pdf
Equity,Balance sheet,2026H1A,9562,EUR million,H12026.pdf,Official results release,PDF p2; current H1 column,Reported,Transcribed reported indicator; source definition retained,Source verified,H1 2026 release; H1 2025 comparative restated to exclude reverse repos.  Verified 2026-09-28. URL: https://ind.millenniumbcp.pt/pt/Institucional/investidores/Documents/ApresentacaoResultados/2026/20260729_Resultados_Millennium_BCP_1S26.pdf
ROE,Profitability,2025H1A,14.3,%,H12026.pdf,Official results release,PDF p2; comparative H1 column,Reported,Transcribed reported indicator; source definition retained,Source verified,H1 2026 release; H1 2025 comparative restated to exclude reverse repos.  Verified 2026-09-28. URL: https://ind.millenniumbcp.pt/pt/Institucional/investidores/Documents/ApresentacaoResultados/2026/20260729_Resultados_Millennium_BCP_1S26.pdf
ROE,Profitability,2026H1A,14.6,%,H12026.pdf,Official results release,PDF p2; current H1 column,Reported,Transcribed reported indicator; source definition retained,Source verified,H1 2026 release; H1 2025 comparative restated to exclude reverse repos.  Verified 2026-09-28. URL: https://ind.millenniumbcp.pt/pt/Institucional/investidores/Documents/ApresentacaoResultados/2026/20260729_Resultados_Millennium_BCP_1S26.pdf
ROA,Profitability,2025H1A,1.1,%,H12026.pdf,Official results release,PDF p2; comparative H1 column,Reported,Transcribed reported indicator; source definition retained,Source verified,H1 2026 release; H1 2025 comparative restated to exclude reverse repos.  Verified 2026-09-28. URL: https://ind.millenniumbcp.pt/pt/Institucional/investidores/Documents/ApresentacaoResultados/2026/20260729_Resultados_Millennium_BCP_1S26.pdf
ROA,Profitability,2026H1A,1.2,%,H12026.pdf,Official results release,PDF p2; current H1 column,Reported,Transcribed reported indicator; source definition retained,Source verified,H1 2026 release; H1 2025 comparative restated to exclude reverse repos.  Verified 2026-09-28. URL: https://ind.millenniumbcp.pt/pt/Institucional/investidores/Documents/ApresentacaoResultados/2026/20260729_Resultados_Millennium_BCP_1S26.pdf
Net interest margin,Profitability,2025H1A,2.97,%,H12026.pdf,Official results release,PDF p2; comparative H1 column,Reported,Transcribed reported indicator; source definition retained,Source verified,H1 2026 release; H1 2025 comparative restated to exclude reverse repos.  Verified 2026-09-28. URL: https://ind.millenniumbcp.pt/pt/Institucional/investidores/Documents/ApresentacaoResultados/2026/20260729_Resultados_Millennium_BCP_1S26.pdf
Net interest margin,Profitability,2026H1A,2.83,%,H12026.pdf,Official results release,PDF p2; current H1 column,Reported,Transcribed reported indicator; source definition retained,Source verified,H1 2026 release; H1 2025 comparative restated to exclude reverse repos.  Verified 2026-09-28. URL: https://ind.millenniumbcp.pt/pt/Institucional/investidores/Documents/ApresentacaoResultados/2026/20260729_Resultados_Millennium_BCP_1S26.pdf
Cost-to-income ratio,Efficiency,2025H1A,37,%,H12026.pdf,Official results release,PDF p2; comparative H1 column,Reported,Transcribed reported indicator; source definition retained,Source verified,H1 2026 release; H1 2025 comparative restated to exclude reverse repos.  Verified 2026-09-28. URL: https://ind.millenniumbcp.pt/pt/Institucional/investidores/Documents/ApresentacaoResultados/2026/20260729_Resultados_Millennium_BCP_1S26.pdf
Cost-to-income ratio,Efficiency,2026H1A,36.9,%,H12026.pdf,Official results release,PDF p2; current H1 column,Reported,Transcribed reported indicator; source definition retained,Source verified,H1 2026 release; H1 2025 comparative restated to exclude reverse repos.  Verified 2026-09-28. URL: https://ind.millenniumbcp.pt/pt/Institucional/investidores/Documents/ApresentacaoResultados/2026/20260729_Resultados_Millennium_BCP_1S26.pdf
Cost-to-income ratio excluding specific items,Efficiency,2025H1A,36.8,%,H12026.pdf,Official results release,PDF p2; comparative H1 column,Reported,Transcribed reported indicator; source definition retained,Source verified,H1 2026 release; H1 2025 comparative restated to exclude reverse repos.  Verified 2026-09-28. URL: https://ind.millenniumbcp.pt/pt/Institucional/investidores/Documents/ApresentacaoResultados/2026/20260729_Resultados_Millennium_BCP_1S26.pdf
Cost-to-income ratio excluding specific items,Efficiency,2026H1A,36.6,%,H12026.pdf,Official results release,PDF p2; current H1 column,Reported,Transcribed reported indicator; source definition retained,Source verified,H1 2026 release; H1 2025 comparative restated to exclude reverse repos.  Verified 2026-09-28. URL: https://ind.millenniumbcp.pt/pt/Institucional/investidores/Documents/ApresentacaoResultados/2026/20260729_Resultados_Millennium_BCP_1S26.pdf
Cost of risk,Asset Quality,2025H1A,30,bps,H12026.pdf,Official results release,PDF p2; comparative H1 column,Reported,Transcribed reported indicator; source definition retained,Source verified,H1 2026 release; H1 2025 comparative restated to exclude reverse repos.  Verified 2026-09-28. URL: https://ind.millenniumbcp.pt/pt/Institucional/investidores/Documents/ApresentacaoResultados/2026/20260729_Resultados_Millennium_BCP_1S26.pdf
Cost of risk,Asset Quality,2026H1A,32,bps,H12026.pdf,Official results release,PDF p2; current H1 column,Reported,Transcribed reported indicator; source definition retained,Source verified,H1 2026 release; H1 2025 comparative restated to exclude reverse repos.  Verified 2026-09-28. URL: https://ind.millenniumbcp.pt/pt/Institucional/investidores/Documents/ApresentacaoResultados/2026/20260729_Resultados_Millennium_BCP_1S26.pdf
NPE ratio,Asset Quality,2025H1A,2.7,%,H12026.pdf,Official results release,PDF p2; comparative H1 column,Reported,Transcribed reported indicator; source definition retained,Source verified,H1 2026 release; H1 2025 comparative restated to exclude reverse repos.  Verified 2026-09-28. URL: https://ind.millenniumbcp.pt/pt/Institucional/investidores/Documents/ApresentacaoResultados/2026/20260729_Resultados_Millennium_BCP_1S26.pdf
NPE ratio,Asset Quality,2026H1A,2.2,%,H12026.pdf,Official results release,PDF p2; current H1 column,Reported,Transcribed reported indicator; source definition retained,Source verified,H1 2026 release; H1 2025 comparative restated to exclude reverse repos.  Verified 2026-09-28. URL: https://ind.millenniumbcp.pt/pt/Institucional/investidores/Documents/ApresentacaoResultados/2026/20260729_Resultados_Millennium_BCP_1S26.pdf
NPE coverage ratio,Asset Quality,2025H1A,84.5,%,H12026.pdf,Official results release,PDF p2; comparative H1 column,Reported,Transcribed reported indicator; source definition retained,Source verified,H1 2026 release; H1 2025 comparative restated to exclude reverse repos.  Verified 2026-09-28. URL: https://ind.millenniumbcp.pt/pt/Institucional/investidores/Documents/ApresentacaoResultados/2026/20260729_Resultados_Millennium_BCP_1S26.pdf
NPE coverage ratio,Asset Quality,2026H1A,97.2,%,H12026.pdf,Official results release,PDF p2; current H1 column,Reported,Transcribed reported indicator; source definition retained,Source verified,H1 2026 release; H1 2025 comparative restated to exclude reverse repos.  Verified 2026-09-28. URL: https://ind.millenniumbcp.pt/pt/Institucional/investidores/Documents/ApresentacaoResultados/2026/20260729_Resultados_Millennium_BCP_1S26.pdf
Restructured loans ratio,Asset Quality,2025H1A,2.2,%,H12026.pdf,Official results release,PDF p2; comparative H1 column,Reported,Transcribed reported indicator; source definition retained,Source verified,H1 2026 release; H1 2025 comparative restated to exclude reverse repos.  Verified 2026-09-28. URL: https://ind.millenniumbcp.pt/pt/Institucional/investidores/Documents/ApresentacaoResultados/2026/20260729_Resultados_Millennium_BCP_1S26.pdf
Restructured loans ratio,Asset Quality,2026H1A,1.5,%,H12026.pdf,Official results release,PDF p2; current H1 column,Reported,Transcribed reported indicator; source definition retained,Source verified,H1 2026 release; H1 2025 comparative restated to exclude reverse repos.  Verified 2026-09-28. URL: https://ind.millenniumbcp.pt/pt/Institucional/investidores/Documents/ApresentacaoResultados/2026/20260729_Resultados_Millennium_BCP_1S26.pdf
Loan-to-deposit ratio,Liquidity,2025H1A,68.5,%,H12026.pdf,Official results release,PDF p2; comparative H1 column,Reported,Transcribed reported indicator; source definition retained,Source verified,H1 2026 release; H1 2025 comparative restated to exclude reverse repos.  Verified 2026-09-28. URL: https://ind.millenniumbcp.pt/pt/Institucional/investidores/Documents/ApresentacaoResultados/2026/20260729_Resultados_Millennium_BCP_1S26.pdf
Loan-to-deposit ratio,Liquidity,2026H1A,68.5,%,H12026.pdf,Official results release,PDF p2; current H1 column,Reported,Transcribed reported indicator; source definition retained,Source verified,H1 2026 release; H1 2025 comparative restated to exclude reverse repos.  Verified 2026-09-28. URL: https://ind.millenniumbcp.pt/pt/Institucional/investidores/Documents/ApresentacaoResultados/2026/20260729_Resultados_Millennium_BCP_1S26.pdf
Loan-to-balance-sheet-customer-resources ratio,Liquidity,2025H1A,67.4,%,H12026.pdf,Official results release,PDF p2; comparative H1 column,Reported,Transcribed reported indicator; source definition retained,Source verified,H1 2026 release; H1 2025 comparative restated to exclude reverse repos.  Verified 2026-09-28. URL: https://ind.millenniumbcp.pt/pt/Institucional/investidores/Documents/ApresentacaoResultados/2026/20260729_Resultados_Millennium_BCP_1S26.pdf
Loan-to-balance-sheet-customer-resources ratio,Liquidity,2026H1A,67.2,%,H12026.pdf,Official results release,PDF p2; current H1 column,Reported,Transcribed reported indicator; source definition retained,Source verified,H1 2026 release; H1 2025 comparative restated to exclude reverse repos.  Verified 2026-09-28. URL: https://ind.millenniumbcp.pt/pt/Institucional/investidores/Documents/ApresentacaoResultados/2026/20260729_Resultados_Millennium_BCP_1S26.pdf
LCR,Liquidity,2025H1A,336,%,H12026.pdf,Official results release,PDF p2; comparative H1 column,Reported,Transcribed reported indicator; source definition retained,Source verified,H1 2026 release; H1 2025 comparative restated to exclude reverse repos.  Verified 2026-09-28. URL: https://ind.millenniumbcp.pt/pt/Institucional/investidores/Documents/ApresentacaoResultados/2026/20260729_Resultados_Millennium_BCP_1S26.pdf
LCR,Liquidity,2026H1A,326,%,H12026.pdf,Official results release,PDF p2; current H1 column,Reported,Transcribed reported indicator; source definition retained,Source verified,H1 2026 release; H1 2025 comparative restated to exclude reverse repos.  Verified 2026-09-28. URL: https://ind.millenniumbcp.pt/pt/Institucional/investidores/Documents/ApresentacaoResultados/2026/20260729_Resultados_Millennium_BCP_1S26.pdf
NSFR,Liquidity,2025H1A,181,%,H12026.pdf,Official results release,PDF p2; comparative H1 column,Reported,Transcribed reported indicator; source definition retained,Source verified,H1 2026 release; H1 2025 comparative restated to exclude reverse repos.  Verified 2026-09-28. URL: https://ind.millenniumbcp.pt/pt/Institucional/investidores/Documents/ApresentacaoResultados/2026/20260729_Resultados_Millennium_BCP_1S26.pdf
NSFR,Liquidity,2026H1A,183,%,H12026.pdf,Official results release,PDF p2; current H1 column,Reported,Transcribed reported indicator; source definition retained,Source verified,H1 2026 release; H1 2025 comparative restated to exclude reverse repos.  Verified 2026-09-28. URL: https://ind.millenniumbcp.pt/pt/Institucional/investidores/Documents/ApresentacaoResultados/2026/20260729_Resultados_Millennium_BCP_1S26.pdf
CET1 phased-in ratio,Capital,2025H1A,16.4,%,H12026.pdf,Official results release,PDF p2; comparative H1 column,Reported,Transcribed reported indicator; source definition retained,Source verified,H1 2026 release; H1 2025 comparative restated to exclude reverse repos. Capital ratios retain the source qualification; 2025 estimated with 25% of unaudited earnings; H1 2026 estimated with 10% of unaudited interim earnings. Verified 2026-09-28. URL: https://ind.millenniumbcp.pt/pt/Institucional/investidores/Documents/ApresentacaoResultados/2026/20260729_Resultados_Millennium_BCP_1S26.pdf
CET1 phased-in ratio,Capital,2026H1A,15.3,%,H12026.pdf,Official results release,PDF p2; current H1 column,Reported,Transcribed reported indicator; source definition retained,Source verified,H1 2026 release; H1 2025 comparative restated to exclude reverse repos. Capital ratios retain the source qualification; 2025 estimated with 25% of unaudited earnings; H1 2026 estimated with 10% of unaudited interim earnings. Verified 2026-09-28. URL: https://ind.millenniumbcp.pt/pt/Institucional/investidores/Documents/ApresentacaoResultados/2026/20260729_Resultados_Millennium_BCP_1S26.pdf
CET1 fully implemented ratio,Capital,2025H1A,16.2,%,H12026.pdf,Official results release,PDF p2; comparative H1 column,Reported,Transcribed reported indicator; source definition retained,Source verified,H1 2026 release; H1 2025 comparative restated to exclude reverse repos. Capital ratios retain the source qualification; 2025 estimated with 25% of unaudited earnings; H1 2026 estimated with 10% of unaudited interim earnings. Verified 2026-09-28. URL: https://ind.millenniumbcp.pt/pt/Institucional/investidores/Documents/ApresentacaoResultados/2026/20260729_Resultados_Millennium_BCP_1S26.pdf
CET1 fully implemented ratio,Capital,2026H1A,15.1,%,H12026.pdf,Official results release,PDF p2; current H1 column,Reported,Transcribed reported indicator; source definition retained,Source verified,H1 2026 release; H1 2025 comparative restated to exclude reverse repos. Capital ratios retain the source qualification; 2025 estimated with 25% of unaudited earnings; H1 2026 estimated with 10% of unaudited interim earnings. Verified 2026-09-28. URL: https://ind.millenniumbcp.pt/pt/Institucional/investidores/Documents/ApresentacaoResultados/2026/20260729_Resultados_Millennium_BCP_1S26.pdf
Total capital fully implemented ratio,Capital,2025H1A,20.3,%,H12026.pdf,Official results release,PDF p2; comparative H1 column,Reported,Transcribed reported indicator; source definition retained,Source verified,H1 2026 release; H1 2025 comparative restated to exclude reverse repos. Capital ratios retain the source qualification; 2025 estimated with 25% of unaudited earnings; H1 2026 estimated with 10% of unaudited interim earnings. Verified 2026-09-28. URL: https://ind.millenniumbcp.pt/pt/Institucional/investidores/Documents/ApresentacaoResultados/2026/20260729_Resultados_Millennium_BCP_1S26.pdf
Total capital fully implemented ratio,Capital,2026H1A,19.3,%,H12026.pdf,Official results release,PDF p2; current H1 column,Reported,Transcribed reported indicator; source definition retained,Source verified,H1 2026 release; H1 2025 comparative restated to exclude reverse repos. Capital ratios retain the source qualification; 2025 estimated with 25% of unaudited earnings; H1 2026 estimated with 10% of unaudited interim earnings. Verified 2026-09-28. URL: https://ind.millenniumbcp.pt/pt/Institucional/investidores/Documents/ApresentacaoResultados/2026/20260729_Resultados_Millennium_BCP_1S26.pdf
