data_item,category,period,source_document,page_or_section,value_extracted,unit,entered_in_file,validation_status,review_notes
Net interest income,Income statement,2022A,FY2022.pdf,PDF p2; current 2022 column,2149.8,EUR million,data/financial_data.csv,Source verified,FY2022 release.  Verified 2026-09-28. URL: https://ind.millenniumbcp.pt/pt/Institucional/investidores/Documents/ResultadosTrimestrais/2022/Resultados-Millenniumbcp-FY22-27022023.pdf
Net interest income,Profitability,2023A,FY2024.pdf,PDF p2; comparative 2023 column,2825.7,EUR million,data/financial_data.csv,Source verified,FY2024 release; 2023 restated comparative.  Verified 2026-09-28. URL: https://ind.millenniumbcp.pt/pt/Institucional/investidores/Documents/ResultadosTrimestrais/2024/Resultados_Millenniumbcp_FY24_final_26022025.pdf
Net interest income,Profitability,2024A,FY2025.pdf,PDF p2; comparative 2024 column,2830.9,EUR million,data/financial_data.csv,Source verified,FY2025 release; 2024 restated comparative.  Verified 2026-09-28. URL: https://ind.millenniumbcp.pt/pt/Institucional/investidores/Documents/ApresentacaoResultados/2025/Resultados_Millenniumbcp_FY25_f_25022026.pdf
Net interest income,Profitability,2025A,FY2025.pdf,PDF p2; current 2025 column,2898.1,EUR million,data/financial_data.csv,Source verified,FY2025 release.  Verified 2026-09-28. URL: https://ind.millenniumbcp.pt/pt/Institucional/investidores/Documents/ApresentacaoResultados/2025/Resultados_Millenniumbcp_FY25_f_25022026.pdf
Fees and commissions,Profitability,2022A,FY2022.pdf,PDF p10; current 2022 column,771.9,EUR million,data/financial_data.csv,Source verified,FY2022 release.  Verified 2026-09-28. URL: https://ind.millenniumbcp.pt/pt/Institucional/investidores/Documents/ResultadosTrimestrais/2022/Resultados-Millenniumbcp-FY22-27022023.pdf
Fees and commissions,Profitability,2023A,FY2024.pdf,PDF p9; comparative 2023 column,771.7,EUR million,data/financial_data.csv,Source verified,FY2024 release; 2023 restated comparative.  Verified 2026-09-28. URL: https://ind.millenniumbcp.pt/pt/Institucional/investidores/Documents/ResultadosTrimestrais/2024/Resultados_Millenniumbcp_FY24_final_26022025.pdf
Fees and commissions,Profitability,2024A,FY2025.pdf,PDF p10; comparative 2024 column,812.7,EUR million,data/financial_data.csv,Source verified,FY2025 release; 2024 restated comparative.  Verified 2026-09-28. URL: https://ind.millenniumbcp.pt/pt/Institucional/investidores/Documents/ApresentacaoResultados/2025/Resultados_Millenniumbcp_FY25_f_25022026.pdf
Fees and commissions,Profitability,2025A,FY2025.pdf,PDF p10; current 2025 column,847.4,EUR million,data/financial_data.csv,Source verified,FY2025 release.  Verified 2026-09-28. URL: https://ind.millenniumbcp.pt/pt/Institucional/investidores/Documents/ApresentacaoResultados/2025/Resultados_Millenniumbcp_FY25_f_25022026.pdf
Operating income,Income statement,2022A,FY2022.pdf,PDF p2; current 2022 column,2867.5,EUR million,data/financial_data.csv,Source verified,FY2022 release.  Verified 2026-09-28. URL: https://ind.millenniumbcp.pt/pt/Institucional/investidores/Documents/ResultadosTrimestrais/2022/Resultados-Millenniumbcp-FY22-27022023.pdf
Operating income,Profitability,2023A,FY2024.pdf,PDF p2; comparative 2023 column,3769.7,EUR million,data/financial_data.csv,Source verified,FY2024 release; 2023 restated comparative.  Verified 2026-09-28. URL: https://ind.millenniumbcp.pt/pt/Institucional/investidores/Documents/ResultadosTrimestrais/2024/Resultados_Millenniumbcp_FY24_final_26022025.pdf
Operating income,Profitability,2024A,FY2025.pdf,PDF p2; comparative 2024 column,3573.5,EUR million,data/financial_data.csv,Source verified,FY2025 release; 2024 restated comparative.  Verified 2026-09-28. URL: https://ind.millenniumbcp.pt/pt/Institucional/investidores/Documents/ApresentacaoResultados/2025/Resultados_Millenniumbcp_FY25_f_25022026.pdf
Operating income,Profitability,2025A,FY2025.pdf,PDF p2; current 2025 column,3815.2,EUR million,data/financial_data.csv,Source verified,FY2025 release.  Verified 2026-09-28. URL: https://ind.millenniumbcp.pt/pt/Institucional/investidores/Documents/ApresentacaoResultados/2025/Resultados_Millenniumbcp_FY25_f_25022026.pdf
Operating costs,Income statement,2022A,FY2022.pdf,PDF p2; current 2022 column,1073,EUR million,data/financial_data.csv,Source verified,FY2022 release.  Verified 2026-09-28. URL: https://ind.millenniumbcp.pt/pt/Institucional/investidores/Documents/ResultadosTrimestrais/2022/Resultados-Millenniumbcp-FY22-27022023.pdf
Operating costs,Efficiency,2023A,FY2024.pdf,PDF p2; comparative 2023 column,1162.6,EUR million,data/financial_data.csv,Source verified,FY2024 release; 2023 restated comparative.  Verified 2026-09-28. URL: https://ind.millenniumbcp.pt/pt/Institucional/investidores/Documents/ResultadosTrimestrais/2024/Resultados_Millenniumbcp_FY24_final_26022025.pdf
Operating costs,Efficiency,2024A,FY2025.pdf,PDF p2; comparative 2024 column,1306.1,EUR million,data/financial_data.csv,Source verified,FY2025 release; 2024 restated comparative.  Verified 2026-09-28. URL: https://ind.millenniumbcp.pt/pt/Institucional/investidores/Documents/ApresentacaoResultados/2025/Resultados_Millenniumbcp_FY25_f_25022026.pdf
Operating costs,Efficiency,2025A,FY2025.pdf,PDF p2; current 2025 column,1415.1,EUR million,data/financial_data.csv,Source verified,FY2025 release.  Verified 2026-09-28. URL: https://ind.millenniumbcp.pt/pt/Institucional/investidores/Documents/ApresentacaoResultados/2025/Resultados_Millenniumbcp_FY25_f_25022026.pdf
Net income,Income statement,2022A,FY2022.pdf,PDF p2; current 2022 column,207.5,EUR million,data/financial_data.csv,Source verified,FY2022 release.  Verified 2026-09-28. URL: https://ind.millenniumbcp.pt/pt/Institucional/investidores/Documents/ResultadosTrimestrais/2022/Resultados-Millenniumbcp-FY22-27022023.pdf
Net income,Profitability,2023A,FY2024.pdf,PDF p2; comparative 2023 column,856,EUR million,data/financial_data.csv,Source verified,FY2024 release; 2023 restated comparative.  Verified 2026-09-28. URL: https://ind.millenniumbcp.pt/pt/Institucional/investidores/Documents/ResultadosTrimestrais/2024/Resultados_Millenniumbcp_FY24_final_26022025.pdf
Net income,Profitability,2024A,FY2025.pdf,PDF p2; comparative 2024 column,906.4,EUR million,data/financial_data.csv,Source verified,FY2025 release; 2024 restated comparative.  Verified 2026-09-28. URL: https://ind.millenniumbcp.pt/pt/Institucional/investidores/Documents/ApresentacaoResultados/2025/Resultados_Millenniumbcp_FY25_f_25022026.pdf
Net income,Profitability,2025A,FY2025.pdf,PDF p2; current 2025 column,1018.6,EUR million,data/financial_data.csv,Source verified,FY2025 release.  Verified 2026-09-28. URL: https://ind.millenniumbcp.pt/pt/Institucional/investidores/Documents/ApresentacaoResultados/2025/Resultados_Millenniumbcp_FY25_f_25022026.pdf
Customer loans,Balance sheet,2022A,FY2022.pdf,PDF p2; current 2022 column,56198,EUR million,data/financial_data.csv,Source verified,FY2022 release. Net customer loans; headline press-release loan growth can refer to gross loans. Verified 2026-09-28. URL: https://ind.millenniumbcp.pt/pt/Institucional/investidores/Documents/ResultadosTrimestrais/2022/Resultados-Millenniumbcp-FY22-27022023.pdf
Customer loans,Balance Sheet,2023A,FY2024.pdf,PDF p2; comparative 2023 column,55218,EUR million,data/financial_data.csv,Source verified,FY2024 release; 2023 restated comparative. Net customer loans; headline press-release loan growth can refer to gross loans. Verified 2026-09-28. URL: https://ind.millenniumbcp.pt/pt/Institucional/investidores/Documents/ResultadosTrimestrais/2024/Resultados_Millenniumbcp_FY24_final_26022025.pdf
Customer loans,Balance Sheet,2024A,FY2025.pdf,PDF p2; comparative 2024 column,56850,EUR million,data/financial_data.csv,Source verified,FY2025 release; 2024 restated comparative. Net customer loans; headline press-release loan growth can refer to gross loans. Verified 2026-09-28. URL: https://ind.millenniumbcp.pt/pt/Institucional/investidores/Documents/ApresentacaoResultados/2025/Resultados_Millenniumbcp_FY25_f_25022026.pdf
Customer loans,Balance Sheet,2025A,FY2025.pdf,PDF p2; current 2025 column,61240,EUR million,data/financial_data.csv,Source verified,FY2025 release. Net customer loans; headline press-release loan growth can refer to gross loans. Verified 2026-09-28. URL: https://ind.millenniumbcp.pt/pt/Institucional/investidores/Documents/ApresentacaoResultados/2025/Resultados_Millenniumbcp_FY25_f_25022026.pdf
Total assets,Balance sheet,2022A,FY2022.pdf,PDF p2; current 2022 column,89861,EUR million,data/financial_data.csv,Source verified,FY2022 release.  Verified 2026-09-28. URL: https://ind.millenniumbcp.pt/pt/Institucional/investidores/Documents/ResultadosTrimestrais/2022/Resultados-Millenniumbcp-FY22-27022023.pdf
Total assets,Balance Sheet,2023A,FY2024.pdf,PDF p2; comparative 2023 column,94371,EUR million,data/financial_data.csv,Source verified,FY2024 release; 2023 restated comparative.  Verified 2026-09-28. URL: https://ind.millenniumbcp.pt/pt/Institucional/investidores/Documents/ResultadosTrimestrais/2024/Resultados_Millenniumbcp_FY24_final_26022025.pdf
Total assets,Balance Sheet,2024A,FY2025.pdf,PDF p2; comparative 2024 column,102144,EUR million,data/financial_data.csv,Source verified,FY2025 release; 2024 restated comparative.  Verified 2026-09-28. URL: https://ind.millenniumbcp.pt/pt/Institucional/investidores/Documents/ApresentacaoResultados/2025/Resultados_Millenniumbcp_FY25_f_25022026.pdf
Total assets,Balance Sheet,2025A,FY2025.pdf,PDF p2; current 2025 column,109333,EUR million,data/financial_data.csv,Source verified,FY2025 release.  Verified 2026-09-28. URL: https://ind.millenniumbcp.pt/pt/Institucional/investidores/Documents/ApresentacaoResultados/2025/Resultados_Millenniumbcp_FY25_f_25022026.pdf
Equity,Balance sheet,2022A,FY2022.pdf,PDF p2; current 2022 column,5921,EUR million,data/financial_data.csv,Source verified,FY2022 release.  Verified 2026-09-28. URL: https://ind.millenniumbcp.pt/pt/Institucional/investidores/Documents/ResultadosTrimestrais/2022/Resultados-Millenniumbcp-FY22-27022023.pdf
Equity,Capital,2023A,FY2024.pdf,PDF p2; comparative 2023 column,7290,EUR million,data/financial_data.csv,Source verified,FY2024 release; 2023 restated comparative. Capital ratios retain the source qualification; 2025 estimated with 25% of unaudited earnings; H1 2026 estimated with 10% of unaudited interim earnings. Verified 2026-09-28. URL: https://ind.millenniumbcp.pt/pt/Institucional/investidores/Documents/ResultadosTrimestrais/2024/Resultados_Millenniumbcp_FY24_final_26022025.pdf
Equity,Capital,2024A,FY2025.pdf,PDF p2; comparative 2024 column,8193,EUR million,data/financial_data.csv,Source verified,FY2025 release; 2024 restated comparative. Capital ratios retain the source qualification; 2025 estimated with 25% of unaudited earnings; H1 2026 estimated with 10% of unaudited interim earnings. Verified 2026-09-28. URL: https://ind.millenniumbcp.pt/pt/Institucional/investidores/Documents/ApresentacaoResultados/2025/Resultados_Millenniumbcp_FY25_f_25022026.pdf
Equity,Capital,2025A,FY2025.pdf,PDF p2; current 2025 column,9061,EUR million,data/financial_data.csv,Source verified,FY2025 release. Capital ratios retain the source qualification; 2025 estimated with 25% of unaudited earnings; H1 2026 estimated with 10% of unaudited interim earnings. Verified 2026-09-28. URL: https://ind.millenniumbcp.pt/pt/Institucional/investidores/Documents/ApresentacaoResultados/2025/Resultados_Millenniumbcp_FY25_f_25022026.pdf
Net credit impairments,Asset Quality,2022A,FY2022.pdf,PDF p2; current 2022 column,300.6,EUR million,data/financial_data.csv,Source verified,FY2022 release.  Verified 2026-09-28. URL: https://ind.millenniumbcp.pt/pt/Institucional/investidores/Documents/ResultadosTrimestrais/2022/Resultados-Millenniumbcp-FY22-27022023.pdf
Other impairments and provisions,Asset Quality,2022A,FY2022.pdf,PDF p2; current 2022 column,755.6,EUR million,data/financial_data.csv,Source verified,FY2022 release.  Verified 2026-09-28. URL: https://ind.millenniumbcp.pt/pt/Institucional/investidores/Documents/ResultadosTrimestrais/2022/Resultados-Millenniumbcp-FY22-27022023.pdf
Impairments and provisions,Asset Quality,2022A,FY2022.pdf,PDF p2; current 2022 column,1056.2,EUR million,data/financial_data.csv,Recalculated,FY2022 release.  Verified 2026-09-28. URL: https://ind.millenniumbcp.pt/pt/Institucional/investidores/Documents/ResultadosTrimestrais/2022/Resultados-Millenniumbcp-FY22-27022023.pdf
Deposits and other customer resources,Balance Sheet,2022A,FY2022.pdf,PDF p2; current 2022 column,75907,EUR million,data/financial_data.csv,Source verified,FY2022 release.  Verified 2026-09-28. URL: https://ind.millenniumbcp.pt/pt/Institucional/investidores/Documents/ResultadosTrimestrais/2022/Resultados-Millenniumbcp-FY22-27022023.pdf
Total customer funds,Balance Sheet,2022A,FY2022.pdf,PDF p2; current 2022 column,92808,EUR million,data/financial_data.csv,Source verified,FY2022 release.  Verified 2026-09-28. URL: https://ind.millenniumbcp.pt/pt/Institucional/investidores/Documents/ResultadosTrimestrais/2022/Resultados-Millenniumbcp-FY22-27022023.pdf
Net credit impairments,Asset Quality,2023A,FY2024.pdf,PDF p2; comparative 2023 column,240,EUR million,data/financial_data.csv,Source verified,FY2024 release; 2023 restated comparative.  Verified 2026-09-28. URL: https://ind.millenniumbcp.pt/pt/Institucional/investidores/Documents/ResultadosTrimestrais/2024/Resultados_Millenniumbcp_FY24_final_26022025.pdf
Other impairments and provisions,Asset Quality,2023A,FY2024.pdf,PDF p2; comparative 2023 column,859.8,EUR million,data/financial_data.csv,Source verified,FY2024 release; 2023 restated comparative.  Verified 2026-09-28. URL: https://ind.millenniumbcp.pt/pt/Institucional/investidores/Documents/ResultadosTrimestrais/2024/Resultados_Millenniumbcp_FY24_final_26022025.pdf
Impairments and provisions,Asset Quality,2023A,FY2024.pdf,PDF p2; comparative 2023 column,1099.8,EUR million,data/financial_data.csv,Recalculated,FY2024 release; 2023 restated comparative.  Verified 2026-09-28. URL: https://ind.millenniumbcp.pt/pt/Institucional/investidores/Documents/ResultadosTrimestrais/2024/Resultados_Millenniumbcp_FY24_final_26022025.pdf
Deposits and other customer resources,Balance Sheet,2023A,FY2024.pdf,PDF p2; comparative 2023 column,77928,EUR million,data/financial_data.csv,Source verified,FY2024 release; 2023 restated comparative.  Verified 2026-09-28. URL: https://ind.millenniumbcp.pt/pt/Institucional/investidores/Documents/ResultadosTrimestrais/2024/Resultados_Millenniumbcp_FY24_final_26022025.pdf
Total customer funds,Balance Sheet,2023A,FY2024.pdf,PDF p2; comparative 2023 column,95328,EUR million,data/financial_data.csv,Source verified,FY2024 release; 2023 restated comparative.  Verified 2026-09-28. URL: https://ind.millenniumbcp.pt/pt/Institucional/investidores/Documents/ResultadosTrimestrais/2024/Resultados_Millenniumbcp_FY24_final_26022025.pdf
Net credit impairments,Asset Quality,2024A,FY2025.pdf,PDF p2; comparative 2024 column,183.3,EUR million,data/financial_data.csv,Source verified,FY2025 release; 2024 restated comparative.  Verified 2026-09-28. URL: https://ind.millenniumbcp.pt/pt/Institucional/investidores/Documents/ApresentacaoResultados/2025/Resultados_Millenniumbcp_FY25_f_25022026.pdf
Other impairments and provisions,Asset Quality,2024A,FY2025.pdf,PDF p2; comparative 2024 column,674.2,EUR million,data/financial_data.csv,Source verified,FY2025 release; 2024 restated comparative.  Verified 2026-09-28. URL: https://ind.millenniumbcp.pt/pt/Institucional/investidores/Documents/ApresentacaoResultados/2025/Resultados_Millenniumbcp_FY25_f_25022026.pdf
Impairments and provisions,Asset Quality,2024A,FY2025.pdf,PDF p2; comparative 2024 column,857.5,EUR million,data/financial_data.csv,Recalculated,FY2025 release; 2024 restated comparative.  Verified 2026-09-28. URL: https://ind.millenniumbcp.pt/pt/Institucional/investidores/Documents/ApresentacaoResultados/2025/Resultados_Millenniumbcp_FY25_f_25022026.pdf
Deposits and other customer resources,Balance Sheet,2024A,FY2025.pdf,PDF p2; comparative 2024 column,84042,EUR million,data/financial_data.csv,Source verified,FY2025 release; 2024 restated comparative.  Verified 2026-09-28. URL: https://ind.millenniumbcp.pt/pt/Institucional/investidores/Documents/ApresentacaoResultados/2025/Resultados_Millenniumbcp_FY25_f_25022026.pdf
Total customer funds,Balance Sheet,2024A,FY2025.pdf,PDF p2; comparative 2024 column,102938,EUR million,data/financial_data.csv,Source verified,FY2025 release; 2024 restated comparative.  Verified 2026-09-28. URL: https://ind.millenniumbcp.pt/pt/Institucional/investidores/Documents/ApresentacaoResultados/2025/Resultados_Millenniumbcp_FY25_f_25022026.pdf
Net credit impairments,Asset Quality,2025A,FY2025.pdf,PDF p2; current 2025 column,199.5,EUR million,data/financial_data.csv,Source verified,FY2025 release.  Verified 2026-09-28. URL: https://ind.millenniumbcp.pt/pt/Institucional/investidores/Documents/ApresentacaoResultados/2025/Resultados_Millenniumbcp_FY25_f_25022026.pdf
Other impairments and provisions,Asset Quality,2025A,FY2025.pdf,PDF p2; current 2025 column,625.9,EUR million,data/financial_data.csv,Source verified,FY2025 release.  Verified 2026-09-28. URL: https://ind.millenniumbcp.pt/pt/Institucional/investidores/Documents/ApresentacaoResultados/2025/Resultados_Millenniumbcp_FY25_f_25022026.pdf
Impairments and provisions,Asset Quality,2025A,FY2025.pdf,PDF p2; current 2025 column,825.4,EUR million,data/financial_data.csv,Recalculated,FY2025 release.  Verified 2026-09-28. URL: https://ind.millenniumbcp.pt/pt/Institucional/investidores/Documents/ApresentacaoResultados/2025/Resultados_Millenniumbcp_FY25_f_25022026.pdf
Deposits and other customer resources,Balance Sheet,2025A,FY2025.pdf,PDF p2; current 2025 column,89749,EUR million,data/financial_data.csv,Source verified,FY2025 release.  Verified 2026-09-28. URL: https://ind.millenniumbcp.pt/pt/Institucional/investidores/Documents/ApresentacaoResultados/2025/Resultados_Millenniumbcp_FY25_f_25022026.pdf
Total customer funds,Balance Sheet,2025A,FY2025.pdf,PDF p2; current 2025 column,111782,EUR million,data/financial_data.csv,Source verified,FY2025 release.  Verified 2026-09-28. URL: https://ind.millenniumbcp.pt/pt/Institucional/investidores/Documents/ApresentacaoResultados/2025/Resultados_Millenniumbcp_FY25_f_25022026.pdf
ROE,Profitability,2022A,FY2022.pdf,PDF p2; current 2022 column,4.0,%,data/banking_ratios.csv,Source verified,FY2022 release.  Verified 2026-09-28. URL: https://ind.millenniumbcp.pt/pt/Institucional/investidores/Documents/ResultadosTrimestrais/2022/Resultados-Millenniumbcp-FY22-27022023.pdf
ROE,Profitability,2023A,FY2024.pdf,PDF p2; comparative 2023 column,15.3,%,data/banking_ratios.csv,Source verified,FY2024 release; 2023 restated comparative.  Verified 2026-09-28. URL: https://ind.millenniumbcp.pt/pt/Institucional/investidores/Documents/ResultadosTrimestrais/2024/Resultados_Millenniumbcp_FY24_final_26022025.pdf
ROE,Profitability,2024A,FY2025.pdf,PDF p2; comparative 2024 column,13.8,%,data/banking_ratios.csv,Source verified,FY2025 release; 2024 restated comparative.  Verified 2026-09-28. URL: https://ind.millenniumbcp.pt/pt/Institucional/investidores/Documents/ApresentacaoResultados/2025/Resultados_Millenniumbcp_FY25_f_25022026.pdf
ROE,Profitability,2025A,FY2025.pdf,PDF p2; current 2025 column,14.1,%,data/banking_ratios.csv,Source verified,FY2025 release.  Verified 2026-09-28. URL: https://ind.millenniumbcp.pt/pt/Institucional/investidores/Documents/ApresentacaoResultados/2025/Resultados_Millenniumbcp_FY25_f_25022026.pdf
ROA,Profitability,2022A,FY2022.pdf,PDF p2; current 2022 column,0.1,%,data/banking_ratios.csv,Source verified,FY2022 release.  Verified 2026-09-28. URL: https://ind.millenniumbcp.pt/pt/Institucional/investidores/Documents/ResultadosTrimestrais/2022/Resultados-Millenniumbcp-FY22-27022023.pdf
ROA,Profitability,2023A,FY2024.pdf,PDF p2; comparative 2023 column,1.0,%,data/banking_ratios.csv,Source verified,FY2024 release; 2023 restated comparative.  Verified 2026-09-28. URL: https://ind.millenniumbcp.pt/pt/Institucional/investidores/Documents/ResultadosTrimestrais/2024/Resultados_Millenniumbcp_FY24_final_26022025.pdf
ROA,Profitability,2024A,FY2025.pdf,PDF p2; comparative 2024 column,1.0,%,data/banking_ratios.csv,Source verified,FY2025 release; 2024 restated comparative.  Verified 2026-09-28. URL: https://ind.millenniumbcp.pt/pt/Institucional/investidores/Documents/ApresentacaoResultados/2025/Resultados_Millenniumbcp_FY25_f_25022026.pdf
ROA,Profitability,2025A,FY2025.pdf,PDF p2; current 2025 column,1.1,%,data/banking_ratios.csv,Source verified,FY2025 release.  Verified 2026-09-28. URL: https://ind.millenniumbcp.pt/pt/Institucional/investidores/Documents/ApresentacaoResultados/2025/Resultados_Millenniumbcp_FY25_f_25022026.pdf
Net interest margin,Profitability,2022A,FY2022.pdf,PDF p2; current 2022 column,2.46,%,data/banking_ratios.csv,Source verified,FY2022 release.  Verified 2026-09-28. URL: https://ind.millenniumbcp.pt/pt/Institucional/investidores/Documents/ResultadosTrimestrais/2022/Resultados-Millenniumbcp-FY22-27022023.pdf
Net interest margin,Profitability,2023A,FY2024.pdf,PDF p2; comparative 2023 column,3.36,%,data/banking_ratios.csv,Source verified,FY2024 release; 2023 restated comparative.  Verified 2026-09-28. URL: https://ind.millenniumbcp.pt/pt/Institucional/investidores/Documents/ResultadosTrimestrais/2024/Resultados_Millenniumbcp_FY24_final_26022025.pdf
Net interest margin,Profitability,2024A,FY2025.pdf,PDF p2; comparative 2024 column,3.04,%,data/banking_ratios.csv,Source verified,FY2025 release; 2024 restated comparative.  Verified 2026-09-28. URL: https://ind.millenniumbcp.pt/pt/Institucional/investidores/Documents/ApresentacaoResultados/2025/Resultados_Millenniumbcp_FY25_f_25022026.pdf
Net interest margin,Profitability,2025A,FY2025.pdf,PDF p2; current 2025 column,2.89,%,data/banking_ratios.csv,Source verified,FY2025 release.  Verified 2026-09-28. URL: https://ind.millenniumbcp.pt/pt/Institucional/investidores/Documents/ApresentacaoResultados/2025/Resultados_Millenniumbcp_FY25_f_25022026.pdf
Cost-to-income ratio,Efficiency,2022A,FY2022.pdf,PDF p2; current 2022 column,37.4,%,data/banking_ratios.csv,Source verified,FY2022 release.  Verified 2026-09-28. URL: https://ind.millenniumbcp.pt/pt/Institucional/investidores/Documents/ResultadosTrimestrais/2022/Resultados-Millenniumbcp-FY22-27022023.pdf
Cost-to-income ratio,Efficiency,2023A,FY2024.pdf,PDF p2; comparative 2023 column,30.8,%,data/banking_ratios.csv,Source verified,FY2024 release; 2023 restated comparative.  Verified 2026-09-28. URL: https://ind.millenniumbcp.pt/pt/Institucional/investidores/Documents/ResultadosTrimestrais/2024/Resultados_Millenniumbcp_FY24_final_26022025.pdf
Cost-to-income ratio,Efficiency,2024A,FY2025.pdf,PDF p2; comparative 2024 column,36.5,%,data/banking_ratios.csv,Source verified,FY2025 release; 2024 restated comparative.  Verified 2026-09-28. URL: https://ind.millenniumbcp.pt/pt/Institucional/investidores/Documents/ApresentacaoResultados/2025/Resultados_Millenniumbcp_FY25_f_25022026.pdf
Cost-to-income ratio,Efficiency,2025A,FY2025.pdf,PDF p2; current 2025 column,37.1,%,data/banking_ratios.csv,Source verified,FY2025 release.  Verified 2026-09-28. URL: https://ind.millenniumbcp.pt/pt/Institucional/investidores/Documents/ApresentacaoResultados/2025/Resultados_Millenniumbcp_FY25_f_25022026.pdf
Cost-to-income ratio excluding specific items,Efficiency,2022A,FY2022.pdf,PDF p2; current 2022 column,36.8,%,data/banking_ratios.csv,Source verified,FY2022 release.  Verified 2026-09-28. URL: https://ind.millenniumbcp.pt/pt/Institucional/investidores/Documents/ResultadosTrimestrais/2022/Resultados-Millenniumbcp-FY22-27022023.pdf
Cost-to-income ratio excluding specific items,Efficiency,2023A,FY2024.pdf,PDF p2; comparative 2023 column,31.6,%,data/banking_ratios.csv,Source verified,FY2024 release; 2023 restated comparative.  Verified 2026-09-28. URL: https://ind.millenniumbcp.pt/pt/Institucional/investidores/Documents/ResultadosTrimestrais/2024/Resultados_Millenniumbcp_FY24_final_26022025.pdf
Cost-to-income ratio excluding specific items,Efficiency,2024A,FY2025.pdf,PDF p2; comparative 2024 column,36.2,%,data/banking_ratios.csv,Source verified,FY2025 release; 2024 restated comparative.  Verified 2026-09-28. URL: https://ind.millenniumbcp.pt/pt/Institucional/investidores/Documents/ApresentacaoResultados/2025/Resultados_Millenniumbcp_FY25_f_25022026.pdf
Cost-to-income ratio excluding specific items,Efficiency,2025A,FY2025.pdf,PDF p2; current 2025 column,36.5,%,data/banking_ratios.csv,Source verified,FY2025 release.  Verified 2026-09-28. URL: https://ind.millenniumbcp.pt/pt/Institucional/investidores/Documents/ApresentacaoResultados/2025/Resultados_Millenniumbcp_FY25_f_25022026.pdf
Cost of risk,Asset Quality,2022A,FY2022.pdf,PDF p2; current 2022 column,52.0,bps,data/banking_ratios.csv,Source verified,FY2022 release.  Verified 2026-09-28. URL: https://ind.millenniumbcp.pt/pt/Institucional/investidores/Documents/ResultadosTrimestrais/2022/Resultados-Millenniumbcp-FY22-27022023.pdf
Cost of risk,Asset Quality,2023A,FY2024.pdf,PDF p2; comparative 2023 column,42.0,bps,data/banking_ratios.csv,Source verified,FY2024 release; 2023 restated comparative.  Verified 2026-09-28. URL: https://ind.millenniumbcp.pt/pt/Institucional/investidores/Documents/ResultadosTrimestrais/2024/Resultados_Millenniumbcp_FY24_final_26022025.pdf
Cost of risk,Asset Quality,2024A,FY2025.pdf,PDF p2; comparative 2024 column,31.0,bps,data/banking_ratios.csv,Source verified,FY2025 release; 2024 restated comparative.  Verified 2026-09-28. URL: https://ind.millenniumbcp.pt/pt/Institucional/investidores/Documents/ApresentacaoResultados/2025/Resultados_Millenniumbcp_FY25_f_25022026.pdf
Cost of risk,Asset Quality,2025A,FY2025.pdf,PDF p2; current 2025 column,32.0,bps,data/banking_ratios.csv,Source verified,FY2025 release.  Verified 2026-09-28. URL: https://ind.millenniumbcp.pt/pt/Institucional/investidores/Documents/ApresentacaoResultados/2025/Resultados_Millenniumbcp_FY25_f_25022026.pdf
NPE ratio,Asset Quality,2022A,FY2022.pdf,PDF p2; current 2022 column,3.8,%,data/banking_ratios.csv,Source verified,FY2022 release.  Verified 2026-09-28. URL: https://ind.millenniumbcp.pt/pt/Institucional/investidores/Documents/ResultadosTrimestrais/2022/Resultados-Millenniumbcp-FY22-27022023.pdf
NPE ratio,Asset Quality,2023A,FY2024.pdf,PDF p2; comparative 2023 column,3.4,%,data/banking_ratios.csv,Source verified,FY2024 release; 2023 restated comparative.  Verified 2026-09-28. URL: https://ind.millenniumbcp.pt/pt/Institucional/investidores/Documents/ResultadosTrimestrais/2024/Resultados_Millenniumbcp_FY24_final_26022025.pdf
NPE ratio,Asset Quality,2024A,FY2025.pdf,PDF p2; comparative 2024 column,3.1,%,data/banking_ratios.csv,Source verified,FY2025 release; 2024 restated comparative.  Verified 2026-09-28. URL: https://ind.millenniumbcp.pt/pt/Institucional/investidores/Documents/ApresentacaoResultados/2025/Resultados_Millenniumbcp_FY25_f_25022026.pdf
NPE ratio,Asset Quality,2025A,FY2025.pdf,PDF p2; current 2025 column,2.4,%,data/banking_ratios.csv,Source verified,FY2025 release.  Verified 2026-09-28. URL: https://ind.millenniumbcp.pt/pt/Institucional/investidores/Documents/ApresentacaoResultados/2025/Resultados_Millenniumbcp_FY25_f_25022026.pdf
NPE coverage ratio,Asset Quality,2022A,FY2022.pdf,PDF p2; current 2022 column,68.3,%,data/banking_ratios.csv,Source verified,FY2022 release.  Verified 2026-09-28. URL: https://ind.millenniumbcp.pt/pt/Institucional/investidores/Documents/ResultadosTrimestrais/2022/Resultados-Millenniumbcp-FY22-27022023.pdf
NPE coverage ratio,Asset Quality,2023A,FY2024.pdf,PDF p2; comparative 2023 column,81.8,%,data/banking_ratios.csv,Source verified,FY2024 release; 2023 restated comparative.  Verified 2026-09-28. URL: https://ind.millenniumbcp.pt/pt/Institucional/investidores/Documents/ResultadosTrimestrais/2024/Resultados_Millenniumbcp_FY24_final_26022025.pdf
NPE coverage ratio,Asset Quality,2024A,FY2025.pdf,PDF p2; comparative 2024 column,82.2,%,data/banking_ratios.csv,Source verified,FY2025 release; 2024 restated comparative.  Verified 2026-09-28. URL: https://ind.millenniumbcp.pt/pt/Institucional/investidores/Documents/ApresentacaoResultados/2025/Resultados_Millenniumbcp_FY25_f_25022026.pdf
NPE coverage ratio,Asset Quality,2025A,FY2025.pdf,PDF p2; current 2025 column,90.9,%,data/banking_ratios.csv,Source verified,FY2025 release.  Verified 2026-09-28. URL: https://ind.millenniumbcp.pt/pt/Institucional/investidores/Documents/ApresentacaoResultados/2025/Resultados_Millenniumbcp_FY25_f_25022026.pdf
Restructured loans ratio,Asset Quality,2022A,FY2022.pdf,PDF p2; current 2022 column,3.2,%,data/banking_ratios.csv,Source verified,FY2022 release.  Verified 2026-09-28. URL: https://ind.millenniumbcp.pt/pt/Institucional/investidores/Documents/ResultadosTrimestrais/2022/Resultados-Millenniumbcp-FY22-27022023.pdf
Restructured loans ratio,Asset Quality,2023A,FY2024.pdf,PDF p2; comparative 2023 column,3.0,%,data/banking_ratios.csv,Source verified,FY2024 release; 2023 restated comparative.  Verified 2026-09-28. URL: https://ind.millenniumbcp.pt/pt/Institucional/investidores/Documents/ResultadosTrimestrais/2024/Resultados_Millenniumbcp_FY24_final_26022025.pdf
Restructured loans ratio,Asset Quality,2024A,FY2025.pdf,PDF p2; comparative 2024 column,2.6,%,data/banking_ratios.csv,Source verified,FY2025 release; 2024 restated comparative.  Verified 2026-09-28. URL: https://ind.millenniumbcp.pt/pt/Institucional/investidores/Documents/ApresentacaoResultados/2025/Resultados_Millenniumbcp_FY25_f_25022026.pdf
Restructured loans ratio,Asset Quality,2025A,FY2025.pdf,PDF p2; current 2025 column,1.8,%,data/banking_ratios.csv,Source verified,FY2025 release.  Verified 2026-09-28. URL: https://ind.millenniumbcp.pt/pt/Institucional/investidores/Documents/ApresentacaoResultados/2025/Resultados_Millenniumbcp_FY25_f_25022026.pdf
Loan-to-deposit ratio,Liquidity,2022A,FY2022.pdf,PDF p2; current 2022 column,74.0,%,data/banking_ratios.csv,Source verified,FY2022 release.  Verified 2026-09-28. URL: https://ind.millenniumbcp.pt/pt/Institucional/investidores/Documents/ResultadosTrimestrais/2022/Resultados-Millenniumbcp-FY22-27022023.pdf
Loan-to-deposit ratio,Liquidity,2023A,FY2024.pdf,PDF p2; comparative 2023 column,70.9,%,data/banking_ratios.csv,Source verified,FY2024 release; 2023 restated comparative.  Verified 2026-09-28. URL: https://ind.millenniumbcp.pt/pt/Institucional/investidores/Documents/ResultadosTrimestrais/2024/Resultados_Millenniumbcp_FY24_final_26022025.pdf
Loan-to-deposit ratio,Liquidity,2024A,FY2025.pdf,PDF p2; comparative 2024 column,67.6,%,data/banking_ratios.csv,Source verified,FY2025 release; 2024 restated comparative.  Verified 2026-09-28. URL: https://ind.millenniumbcp.pt/pt/Institucional/investidores/Documents/ApresentacaoResultados/2025/Resultados_Millenniumbcp_FY25_f_25022026.pdf
Loan-to-deposit ratio,Liquidity,2025A,FY2025.pdf,PDF p2; current 2025 column,68.2,%,data/banking_ratios.csv,Source verified,FY2025 release.  Verified 2026-09-28. URL: https://ind.millenniumbcp.pt/pt/Institucional/investidores/Documents/ApresentacaoResultados/2025/Resultados_Millenniumbcp_FY25_f_25022026.pdf
Loan-to-balance-sheet-customer-resources ratio,Liquidity,2022A,FY2022.pdf,PDF p2; current 2022 column,72.7,%,data/banking_ratios.csv,Source verified,FY2022 release.  Verified 2026-09-28. URL: https://ind.millenniumbcp.pt/pt/Institucional/investidores/Documents/ResultadosTrimestrais/2022/Resultados-Millenniumbcp-FY22-27022023.pdf
Loan-to-balance-sheet-customer-resources ratio,Liquidity,2023A,FY2024.pdf,PDF p2; comparative 2023 column,69.7,%,data/banking_ratios.csv,Source verified,FY2024 release; 2023 restated comparative.  Verified 2026-09-28. URL: https://ind.millenniumbcp.pt/pt/Institucional/investidores/Documents/ResultadosTrimestrais/2024/Resultados_Millenniumbcp_FY24_final_26022025.pdf
Loan-to-balance-sheet-customer-resources ratio,Liquidity,2024A,FY2025.pdf,PDF p2; comparative 2024 column,66.6,%,data/banking_ratios.csv,Source verified,FY2025 release; 2024 restated comparative.  Verified 2026-09-28. URL: https://ind.millenniumbcp.pt/pt/Institucional/investidores/Documents/ApresentacaoResultados/2025/Resultados_Millenniumbcp_FY25_f_25022026.pdf
Loan-to-balance-sheet-customer-resources ratio,Liquidity,2025A,FY2025.pdf,PDF p2; current 2025 column,67.1,%,data/banking_ratios.csv,Source verified,FY2025 release.  Verified 2026-09-28. URL: https://ind.millenniumbcp.pt/pt/Institucional/investidores/Documents/ApresentacaoResultados/2025/Resultados_Millenniumbcp_FY25_f_25022026.pdf
LCR,Liquidity,2022A,FY2022.pdf,PDF p2; current 2022 column,212.0,%,data/banking_ratios.csv,Source verified,FY2022 release.  Verified 2026-09-28. URL: https://ind.millenniumbcp.pt/pt/Institucional/investidores/Documents/ResultadosTrimestrais/2022/Resultados-Millenniumbcp-FY22-27022023.pdf
LCR,Liquidity,2023A,FY2024.pdf,PDF p2; comparative 2023 column,276.0,%,data/banking_ratios.csv,Source verified,FY2024 release; 2023 restated comparative.  Verified 2026-09-28. URL: https://ind.millenniumbcp.pt/pt/Institucional/investidores/Documents/ResultadosTrimestrais/2024/Resultados_Millenniumbcp_FY24_final_26022025.pdf
LCR,Liquidity,2024A,FY2025.pdf,PDF p2; comparative 2024 column,342.0,%,data/banking_ratios.csv,Source verified,FY2025 release; 2024 restated comparative.  Verified 2026-09-28. URL: https://ind.millenniumbcp.pt/pt/Institucional/investidores/Documents/ApresentacaoResultados/2025/Resultados_Millenniumbcp_FY25_f_25022026.pdf
LCR,Liquidity,2025A,FY2025.pdf,PDF p2; current 2025 column,334.0,%,data/banking_ratios.csv,Source verified,FY2025 release.  Verified 2026-09-28. URL: https://ind.millenniumbcp.pt/pt/Institucional/investidores/Documents/ApresentacaoResultados/2025/Resultados_Millenniumbcp_FY25_f_25022026.pdf
NSFR,Liquidity,2022A,FY2022.pdf,PDF p2; current 2022 column,154.0,%,data/banking_ratios.csv,Source verified,FY2022 release.  Verified 2026-09-28. URL: https://ind.millenniumbcp.pt/pt/Institucional/investidores/Documents/ResultadosTrimestrais/2022/Resultados-Millenniumbcp-FY22-27022023.pdf
NSFR,Liquidity,2023A,FY2024.pdf,PDF p2; comparative 2023 column,167.0,%,data/banking_ratios.csv,Source verified,FY2024 release; 2023 restated comparative.  Verified 2026-09-28. URL: https://ind.millenniumbcp.pt/pt/Institucional/investidores/Documents/ResultadosTrimestrais/2024/Resultados_Millenniumbcp_FY24_final_26022025.pdf
NSFR,Liquidity,2024A,FY2025.pdf,PDF p2; comparative 2024 column,181.0,%,data/banking_ratios.csv,Source verified,FY2025 release; 2024 restated comparative.  Verified 2026-09-28. URL: https://ind.millenniumbcp.pt/pt/Institucional/investidores/Documents/ApresentacaoResultados/2025/Resultados_Millenniumbcp_FY25_f_25022026.pdf
NSFR,Liquidity,2025A,FY2025.pdf,PDF p2; current 2025 column,180.0,%,data/banking_ratios.csv,Source verified,FY2025 release.  Verified 2026-09-28. URL: https://ind.millenniumbcp.pt/pt/Institucional/investidores/Documents/ApresentacaoResultados/2025/Resultados_Millenniumbcp_FY25_f_25022026.pdf
CET1 phased-in ratio,Capital,2022A,FY2022.pdf,PDF p2; current 2022 column,12.6,%,data/banking_ratios.csv,Source verified,FY2022 release. Capital ratios retain the source qualification; 2025 estimated with 25% of unaudited earnings; H1 2026 estimated with 10% of unaudited interim earnings. Verified 2026-09-28. URL: https://ind.millenniumbcp.pt/pt/Institucional/investidores/Documents/ResultadosTrimestrais/2022/Resultados-Millenniumbcp-FY22-27022023.pdf
CET1 phased-in ratio,Capital,2023A,FY2024.pdf,PDF p2; comparative 2023 column,15.5,%,data/banking_ratios.csv,Source verified,FY2024 release; 2023 restated comparative. Capital ratios retain the source qualification; 2025 estimated with 25% of unaudited earnings; H1 2026 estimated with 10% of unaudited interim earnings. Verified 2026-09-28. URL: https://ind.millenniumbcp.pt/pt/Institucional/investidores/Documents/ResultadosTrimestrais/2024/Resultados_Millenniumbcp_FY24_final_26022025.pdf
CET1 phased-in ratio,Capital,2024A,FY2025.pdf,PDF p2; comparative 2024 column,16.4,%,data/banking_ratios.csv,Source verified,FY2025 release; 2024 restated comparative. Capital ratios retain the source qualification; 2025 estimated with 25% of unaudited earnings; H1 2026 estimated with 10% of unaudited interim earnings. Verified 2026-09-28. URL: https://ind.millenniumbcp.pt/pt/Institucional/investidores/Documents/ApresentacaoResultados/2025/Resultados_Millenniumbcp_FY25_f_25022026.pdf
CET1 phased-in ratio,Capital,2025A,FY2025.pdf,PDF p2; current 2025 column,16.1,%,data/banking_ratios.csv,Source verified,FY2025 release. Capital ratios retain the source qualification; 2025 estimated with 25% of unaudited earnings; H1 2026 estimated with 10% of unaudited interim earnings. Verified 2026-09-28. URL: https://ind.millenniumbcp.pt/pt/Institucional/investidores/Documents/ApresentacaoResultados/2025/Resultados_Millenniumbcp_FY25_f_25022026.pdf
CET1 fully implemented ratio,Capital,2022A,FY2022.pdf,PDF p2; current 2022 column,12.5,%,data/banking_ratios.csv,Source verified,FY2022 release. Capital ratios retain the source qualification; 2025 estimated with 25% of unaudited earnings; H1 2026 estimated with 10% of unaudited interim earnings. Verified 2026-09-28. URL: https://ind.millenniumbcp.pt/pt/Institucional/investidores/Documents/ResultadosTrimestrais/2022/Resultados-Millenniumbcp-FY22-27022023.pdf
CET1 fully implemented ratio,Capital,2023A,FY2024.pdf,PDF p2; comparative 2023 column,15.4,%,data/banking_ratios.csv,Source verified,FY2024 release; 2023 restated comparative. Capital ratios retain the source qualification; 2025 estimated with 25% of unaudited earnings; H1 2026 estimated with 10% of unaudited interim earnings. Verified 2026-09-28. URL: https://ind.millenniumbcp.pt/pt/Institucional/investidores/Documents/ResultadosTrimestrais/2024/Resultados_Millenniumbcp_FY24_final_26022025.pdf
CET1 fully implemented ratio,Capital,2024A,FY2025.pdf,PDF p2; comparative 2024 column,16.3,%,data/banking_ratios.csv,Source verified,FY2025 release; 2024 restated comparative. Capital ratios retain the source qualification; 2025 estimated with 25% of unaudited earnings; H1 2026 estimated with 10% of unaudited interim earnings. Verified 2026-09-28. URL: https://ind.millenniumbcp.pt/pt/Institucional/investidores/Documents/ApresentacaoResultados/2025/Resultados_Millenniumbcp_FY25_f_25022026.pdf
CET1 fully implemented ratio,Capital,2025A,FY2025.pdf,PDF p2; current 2025 column,15.9,%,data/banking_ratios.csv,Source verified,FY2025 release. Capital ratios retain the source qualification; 2025 estimated with 25% of unaudited earnings; H1 2026 estimated with 10% of unaudited interim earnings. Verified 2026-09-28. URL: https://ind.millenniumbcp.pt/pt/Institucional/investidores/Documents/ApresentacaoResultados/2025/Resultados_Millenniumbcp_FY25_f_25022026.pdf
Total capital fully implemented ratio,Capital,2022A,FY2022.pdf,PDF p2; current 2022 column,16.8,%,data/banking_ratios.csv,Source verified,FY2022 release. Capital ratios retain the source qualification; 2025 estimated with 25% of unaudited earnings; H1 2026 estimated with 10% of unaudited interim earnings. Verified 2026-09-28. URL: https://ind.millenniumbcp.pt/pt/Institucional/investidores/Documents/ResultadosTrimestrais/2022/Resultados-Millenniumbcp-FY22-27022023.pdf
Total capital fully implemented ratio,Capital,2023A,FY2024.pdf,PDF p2; comparative 2023 column,19.9,%,data/banking_ratios.csv,Source verified,FY2024 release; 2023 restated comparative. Capital ratios retain the source qualification; 2025 estimated with 25% of unaudited earnings; H1 2026 estimated with 10% of unaudited interim earnings. Verified 2026-09-28. URL: https://ind.millenniumbcp.pt/pt/Institucional/investidores/Documents/ResultadosTrimestrais/2024/Resultados_Millenniumbcp_FY24_final_26022025.pdf
Total capital fully implemented ratio,Capital,2024A,FY2025.pdf,PDF p2; comparative 2024 column,20.6,%,data/banking_ratios.csv,Source verified,FY2025 release; 2024 restated comparative. Capital ratios retain the source qualification; 2025 estimated with 25% of unaudited earnings; H1 2026 estimated with 10% of unaudited interim earnings. Verified 2026-09-28. URL: https://ind.millenniumbcp.pt/pt/Institucional/investidores/Documents/ApresentacaoResultados/2025/Resultados_Millenniumbcp_FY25_f_25022026.pdf
Total capital fully implemented ratio,Capital,2025A,FY2025.pdf,PDF p2; current 2025 column,19.9,%,data/banking_ratios.csv,Source verified,FY2025 release. Capital ratios retain the source qualification; 2025 estimated with 25% of unaudited earnings; H1 2026 estimated with 10% of unaudited interim earnings. Verified 2026-09-28. URL: https://ind.millenniumbcp.pt/pt/Institucional/investidores/Documents/ApresentacaoResultados/2025/Resultados_Millenniumbcp_FY25_f_25022026.pdf
EPS,Per Share,2022A,Relatorio-Grupo-BCP-2022.pdf,PDF p25; current 2022 column,0.011,EUR,data/banking_ratios.csv,Source verified,"Annual report share indicators / EPS note, as specified. Reported EPS; adjusted for AT1 interest. Do not divide total group net income by closing shares. Verified 2026-09-28. URL: https://ind.millenniumbcp.pt/pt/Institucional/investidores/Documents/RelatorioContas/2022/Relatorio-Grupo-BCP-2022.pdf"
EPS,Per Share,2023A,RABCP2024Vol1PT.pdf,PDF p245; comparative 2023 column,0.054,EUR,data/banking_ratios.csv,Source verified,"Annual report share indicators / EPS note, as specified. Reported EPS; adjusted for AT1 interest. Do not divide total group net income by closing shares. Verified 2026-09-28. URL: https://ind.millenniumbcp.pt/pt/Institucional/investidores/Documents/RelatorioContas/2024/RABCP2024Vol1PT.pdf"
EPS,Per Share,2024A,RCBCP2025PT.pdf,PDF p29; comparative 2024 column,0.058,EUR,data/banking_ratios.csv,Source verified,"Annual report share indicators / EPS note, as specified. Reported EPS; adjusted for AT1 interest. Do not divide total group net income by closing shares. Verified 2026-09-28. URL: https://ind.millenniumbcp.pt/pt/Institucional/investidores/Documents/RelatorioContas/2025/RCBCP2025PT.pdf"
EPS,Per Share,2025A,RCBCP2025PT.pdf,PDF p29; current 2025 column,0.066,EUR,data/banking_ratios.csv,Source verified,"Annual report share indicators / EPS note, as specified. Reported EPS; adjusted for AT1 interest. Do not divide total group net income by closing shares. Verified 2026-09-28. URL: https://ind.millenniumbcp.pt/pt/Institucional/investidores/Documents/RelatorioContas/2025/RCBCP2025PT.pdf"
Book value per share,Per Share,2022A,Relatorio-Grupo-BCP-2022.pdf,PDF p25; current 2022 column,0.314,EUR,data/banking_ratios.csv,Source verified,"Annual report share indicators / EPS note, as specified. Source-defined book value per share; do not divide total consolidated equity by closing shares. Verified 2026-09-28. URL: https://ind.millenniumbcp.pt/pt/Institucional/investidores/Documents/RelatorioContas/2022/Relatorio-Grupo-BCP-2022.pdf"
Book value per share,Per Share,2023A,RABCP2024Vol1PT.pdf,PDF p26; comparative 2023 column,0.417,EUR,data/banking_ratios.csv,Source verified,"Annual report share indicators / EPS note, as specified. Source-defined book value per share; do not divide total consolidated equity by closing shares. Verified 2026-09-28. URL: https://ind.millenniumbcp.pt/pt/Institucional/investidores/Documents/RelatorioContas/2024/RABCP2024Vol1PT.pdf"
Book value per share,Per Share,2024A,RCBCP2025PT.pdf,PDF p29; comparative 2024 column,0.469,EUR,data/banking_ratios.csv,Source verified,"Annual report share indicators / EPS note, as specified. Source-defined book value per share; do not divide total consolidated equity by closing shares. Verified 2026-09-28. URL: https://ind.millenniumbcp.pt/pt/Institucional/investidores/Documents/RelatorioContas/2025/RCBCP2025PT.pdf"
Book value per share,Per Share,2025A,RCBCP2025PT.pdf,PDF p29; current 2025 column,0.528,EUR,data/banking_ratios.csv,Source verified,"Annual report share indicators / EPS note, as specified. Source-defined book value per share; do not divide total consolidated equity by closing shares. Verified 2026-09-28. URL: https://ind.millenniumbcp.pt/pt/Institucional/investidores/Documents/RelatorioContas/2025/RCBCP2025PT.pdf"
Net interest income,Income statement,2025H1A,H12026.pdf,PDF p2; comparative H1 column,1444.1,EUR million,data/interim_financials.csv,Source verified,H1 2026 release; H1 2025 comparative restated to exclude reverse repos.  Verified 2026-09-28. URL: https://ind.millenniumbcp.pt/pt/Institucional/investidores/Documents/ApresentacaoResultados/2026/20260729_Resultados_Millennium_BCP_1S26.pdf
Net interest income,Income statement,2026H1A,H12026.pdf,PDF p2; current H1 column,1493.8,EUR million,data/interim_financials.csv,Source verified,H1 2026 release; H1 2025 comparative restated to exclude reverse repos.  Verified 2026-09-28. URL: https://ind.millenniumbcp.pt/pt/Institucional/investidores/Documents/ApresentacaoResultados/2026/20260729_Resultados_Millennium_BCP_1S26.pdf
Fees and commissions,Profitability,2025H1A,H12026.pdf,PDF p9; comparative H1 column,413.8,EUR million,data/interim_financials.csv,Source verified,H1 2026 release; H1 2025 comparative restated to exclude reverse repos.  Verified 2026-09-28. URL: https://ind.millenniumbcp.pt/pt/Institucional/investidores/Documents/ApresentacaoResultados/2026/20260729_Resultados_Millennium_BCP_1S26.pdf
Fees and commissions,Profitability,2026H1A,H12026.pdf,PDF p9; current H1 column,438,EUR million,data/interim_financials.csv,Source verified,H1 2026 release; H1 2025 comparative restated to exclude reverse repos.  Verified 2026-09-28. URL: https://ind.millenniumbcp.pt/pt/Institucional/investidores/Documents/ApresentacaoResultados/2026/20260729_Resultados_Millennium_BCP_1S26.pdf
Operating income,Income statement,2025H1A,H12026.pdf,PDF p2; comparative H1 column,1848,EUR million,data/interim_financials.csv,Source verified,H1 2026 release; H1 2025 comparative restated to exclude reverse repos.  Verified 2026-09-28. URL: https://ind.millenniumbcp.pt/pt/Institucional/investidores/Documents/ApresentacaoResultados/2026/20260729_Resultados_Millennium_BCP_1S26.pdf
Operating income,Income statement,2026H1A,H12026.pdf,PDF p2; current H1 column,1950.3,EUR million,data/interim_financials.csv,Source verified,H1 2026 release; H1 2025 comparative restated to exclude reverse repos.  Verified 2026-09-28. URL: https://ind.millenniumbcp.pt/pt/Institucional/investidores/Documents/ApresentacaoResultados/2026/20260729_Resultados_Millennium_BCP_1S26.pdf
Operating costs,Income statement,2025H1A,H12026.pdf,PDF p2; comparative H1 column,683.5,EUR million,data/interim_financials.csv,Source verified,H1 2026 release; H1 2025 comparative restated to exclude reverse repos.  Verified 2026-09-28. URL: https://ind.millenniumbcp.pt/pt/Institucional/investidores/Documents/ApresentacaoResultados/2026/20260729_Resultados_Millennium_BCP_1S26.pdf
Operating costs,Income statement,2026H1A,H12026.pdf,PDF p2; current H1 column,720.2,EUR million,data/interim_financials.csv,Source verified,H1 2026 release; H1 2025 comparative restated to exclude reverse repos.  Verified 2026-09-28. URL: https://ind.millenniumbcp.pt/pt/Institucional/investidores/Documents/ApresentacaoResultados/2026/20260729_Resultados_Millennium_BCP_1S26.pdf
Net credit impairments,Asset Quality,2025H1A,H12026.pdf,PDF p2; comparative H1 column,89.8,EUR million,data/interim_financials.csv,Source verified,H1 2026 release; H1 2025 comparative restated to exclude reverse repos.  Verified 2026-09-28. URL: https://ind.millenniumbcp.pt/pt/Institucional/investidores/Documents/ApresentacaoResultados/2026/20260729_Resultados_Millennium_BCP_1S26.pdf
Net credit impairments,Asset Quality,2026H1A,H12026.pdf,PDF p2; current H1 column,104.4,EUR million,data/interim_financials.csv,Source verified,H1 2026 release; H1 2025 comparative restated to exclude reverse repos.  Verified 2026-09-28. URL: https://ind.millenniumbcp.pt/pt/Institucional/investidores/Documents/ApresentacaoResultados/2026/20260729_Resultados_Millennium_BCP_1S26.pdf
Other impairments and provisions,Asset Quality,2025H1A,H12026.pdf,PDF p2; comparative H1 column,280.6,EUR million,data/interim_financials.csv,Source verified,H1 2026 release; H1 2025 comparative restated to exclude reverse repos.  Verified 2026-09-28. URL: https://ind.millenniumbcp.pt/pt/Institucional/investidores/Documents/ApresentacaoResultados/2026/20260729_Resultados_Millennium_BCP_1S26.pdf
Other impairments and provisions,Asset Quality,2026H1A,H12026.pdf,PDF p2; current H1 column,188.5,EUR million,data/interim_financials.csv,Source verified,H1 2026 release; H1 2025 comparative restated to exclude reverse repos.  Verified 2026-09-28. URL: https://ind.millenniumbcp.pt/pt/Institucional/investidores/Documents/ApresentacaoResultados/2026/20260729_Resultados_Millennium_BCP_1S26.pdf
Impairments and provisions,Asset Quality,2025H1A,H12026.pdf,PDF p2; comparative H1 column,370.4,EUR million,data/interim_financials.csv,Recalculated,H1 2026 release; H1 2025 comparative restated to exclude reverse repos.  Verified 2026-09-28. URL: https://ind.millenniumbcp.pt/pt/Institucional/investidores/Documents/ApresentacaoResultados/2026/20260729_Resultados_Millennium_BCP_1S26.pdf
Impairments and provisions,Asset Quality,2026H1A,H12026.pdf,PDF p2; current H1 column,292.9,EUR million,data/interim_financials.csv,Recalculated,H1 2026 release; H1 2025 comparative restated to exclude reverse repos.  Verified 2026-09-28. URL: https://ind.millenniumbcp.pt/pt/Institucional/investidores/Documents/ApresentacaoResultados/2026/20260729_Resultados_Millennium_BCP_1S26.pdf
Net income,Income statement,2025H1A,H12026.pdf,PDF p2; comparative H1 column,502.3,EUR million,data/interim_financials.csv,Source verified,H1 2026 release; H1 2025 comparative restated to exclude reverse repos.  Verified 2026-09-28. URL: https://ind.millenniumbcp.pt/pt/Institucional/investidores/Documents/ApresentacaoResultados/2026/20260729_Resultados_Millennium_BCP_1S26.pdf
Net income,Income statement,2026H1A,H12026.pdf,PDF p2; current H1 column,565.8,EUR million,data/interim_financials.csv,Source verified,H1 2026 release; H1 2025 comparative restated to exclude reverse repos.  Verified 2026-09-28. URL: https://ind.millenniumbcp.pt/pt/Institucional/investidores/Documents/ApresentacaoResultados/2026/20260729_Resultados_Millennium_BCP_1S26.pdf
Customer loans,Balance sheet,2025H1A,H12026.pdf,PDF p2; comparative H1 column,58839,EUR million,data/interim_financials.csv,Source verified,H1 2026 release; H1 2025 comparative restated to exclude reverse repos. Net customer loans; headline press-release loan growth can refer to gross loans. Verified 2026-09-28. URL: https://ind.millenniumbcp.pt/pt/Institucional/investidores/Documents/ApresentacaoResultados/2026/20260729_Resultados_Millennium_BCP_1S26.pdf
Customer loans,Balance sheet,2026H1A,H12026.pdf,PDF p2; current H1 column,63836,EUR million,data/interim_financials.csv,Source verified,H1 2026 release; H1 2025 comparative restated to exclude reverse repos. Net customer loans; headline press-release loan growth can refer to gross loans. Verified 2026-09-28. URL: https://ind.millenniumbcp.pt/pt/Institucional/investidores/Documents/ApresentacaoResultados/2026/20260729_Resultados_Millennium_BCP_1S26.pdf
Deposits and other customer resources,Balance Sheet,2025H1A,H12026.pdf,PDF p2; comparative H1 column,85950,EUR million,data/interim_financials.csv,Source verified,H1 2026 release; H1 2025 comparative restated to exclude reverse repos.  Verified 2026-09-28. URL: https://ind.millenniumbcp.pt/pt/Institucional/investidores/Documents/ApresentacaoResultados/2026/20260729_Resultados_Millennium_BCP_1S26.pdf
Deposits and other customer resources,Balance Sheet,2026H1A,H12026.pdf,PDF p2; current H1 column,93249,EUR million,data/interim_financials.csv,Source verified,H1 2026 release; H1 2025 comparative restated to exclude reverse repos.  Verified 2026-09-28. URL: https://ind.millenniumbcp.pt/pt/Institucional/investidores/Documents/ApresentacaoResultados/2026/20260729_Resultados_Millennium_BCP_1S26.pdf
Total customer funds,Balance Sheet,2025H1A,H12026.pdf,PDF p2; comparative H1 column,106246,EUR million,data/interim_financials.csv,Source verified,H1 2026 release; H1 2025 comparative restated to exclude reverse repos.  Verified 2026-09-28. URL: https://ind.millenniumbcp.pt/pt/Institucional/investidores/Documents/ApresentacaoResultados/2026/20260729_Resultados_Millennium_BCP_1S26.pdf
Total customer funds,Balance Sheet,2026H1A,H12026.pdf,PDF p2; current H1 column,116655,EUR million,data/interim_financials.csv,Source verified,H1 2026 release; H1 2025 comparative restated to exclude reverse repos.  Verified 2026-09-28. URL: https://ind.millenniumbcp.pt/pt/Institucional/investidores/Documents/ApresentacaoResultados/2026/20260729_Resultados_Millennium_BCP_1S26.pdf
Total assets,Balance sheet,2025H1A,H12026.pdf,PDF p2; comparative H1 column,105466,EUR million,data/interim_financials.csv,Source verified,H1 2026 release; H1 2025 comparative restated to exclude reverse repos.  Verified 2026-09-28. URL: https://ind.millenniumbcp.pt/pt/Institucional/investidores/Documents/ApresentacaoResultados/2026/20260729_Resultados_Millennium_BCP_1S26.pdf
Total assets,Balance sheet,2026H1A,H12026.pdf,PDF p2; current H1 column,114800,EUR million,data/interim_financials.csv,Source verified,H1 2026 release; H1 2025 comparative restated to exclude reverse repos.  Verified 2026-09-28. URL: https://ind.millenniumbcp.pt/pt/Institucional/investidores/Documents/ApresentacaoResultados/2026/20260729_Resultados_Millennium_BCP_1S26.pdf
Equity,Balance sheet,2025H1A,H12026.pdf,PDF p2; comparative H1 column,8404,EUR million,data/interim_financials.csv,Source verified,H1 2026 release; H1 2025 comparative restated to exclude reverse repos.  Verified 2026-09-28. URL: https://ind.millenniumbcp.pt/pt/Institucional/investidores/Documents/ApresentacaoResultados/2026/20260729_Resultados_Millennium_BCP_1S26.pdf
Equity,Balance sheet,2026H1A,H12026.pdf,PDF p2; current H1 column,9562,EUR million,data/interim_financials.csv,Source verified,H1 2026 release; H1 2025 comparative restated to exclude reverse repos.  Verified 2026-09-28. URL: https://ind.millenniumbcp.pt/pt/Institucional/investidores/Documents/ApresentacaoResultados/2026/20260729_Resultados_Millennium_BCP_1S26.pdf
ROE,Profitability,2025H1A,H12026.pdf,PDF p2; comparative H1 column,14.3,%,data/interim_ratios.csv,Source verified,H1 2026 release; H1 2025 comparative restated to exclude reverse repos.  Verified 2026-09-28. URL: https://ind.millenniumbcp.pt/pt/Institucional/investidores/Documents/ApresentacaoResultados/2026/20260729_Resultados_Millennium_BCP_1S26.pdf
ROE,Profitability,2026H1A,H12026.pdf,PDF p2; current H1 column,14.6,%,data/interim_ratios.csv,Source verified,H1 2026 release; H1 2025 comparative restated to exclude reverse repos.  Verified 2026-09-28. URL: https://ind.millenniumbcp.pt/pt/Institucional/investidores/Documents/ApresentacaoResultados/2026/20260729_Resultados_Millennium_BCP_1S26.pdf
ROA,Profitability,2025H1A,H12026.pdf,PDF p2; comparative H1 column,1.1,%,data/interim_ratios.csv,Source verified,H1 2026 release; H1 2025 comparative restated to exclude reverse repos.  Verified 2026-09-28. URL: https://ind.millenniumbcp.pt/pt/Institucional/investidores/Documents/ApresentacaoResultados/2026/20260729_Resultados_Millennium_BCP_1S26.pdf
ROA,Profitability,2026H1A,H12026.pdf,PDF p2; current H1 column,1.2,%,data/interim_ratios.csv,Source verified,H1 2026 release; H1 2025 comparative restated to exclude reverse repos.  Verified 2026-09-28. URL: https://ind.millenniumbcp.pt/pt/Institucional/investidores/Documents/ApresentacaoResultados/2026/20260729_Resultados_Millennium_BCP_1S26.pdf
Net interest margin,Profitability,2025H1A,H12026.pdf,PDF p2; comparative H1 column,2.97,%,data/interim_ratios.csv,Source verified,H1 2026 release; H1 2025 comparative restated to exclude reverse repos.  Verified 2026-09-28. URL: https://ind.millenniumbcp.pt/pt/Institucional/investidores/Documents/ApresentacaoResultados/2026/20260729_Resultados_Millennium_BCP_1S26.pdf
Net interest margin,Profitability,2026H1A,H12026.pdf,PDF p2; current H1 column,2.83,%,data/interim_ratios.csv,Source verified,H1 2026 release; H1 2025 comparative restated to exclude reverse repos.  Verified 2026-09-28. URL: https://ind.millenniumbcp.pt/pt/Institucional/investidores/Documents/ApresentacaoResultados/2026/20260729_Resultados_Millennium_BCP_1S26.pdf
Cost-to-income ratio,Efficiency,2025H1A,H12026.pdf,PDF p2; comparative H1 column,37,%,data/interim_ratios.csv,Source verified,H1 2026 release; H1 2025 comparative restated to exclude reverse repos.  Verified 2026-09-28. URL: https://ind.millenniumbcp.pt/pt/Institucional/investidores/Documents/ApresentacaoResultados/2026/20260729_Resultados_Millennium_BCP_1S26.pdf
Cost-to-income ratio,Efficiency,2026H1A,H12026.pdf,PDF p2; current H1 column,36.9,%,data/interim_ratios.csv,Source verified,H1 2026 release; H1 2025 comparative restated to exclude reverse repos.  Verified 2026-09-28. URL: https://ind.millenniumbcp.pt/pt/Institucional/investidores/Documents/ApresentacaoResultados/2026/20260729_Resultados_Millennium_BCP_1S26.pdf
Cost-to-income ratio excluding specific items,Efficiency,2025H1A,H12026.pdf,PDF p2; comparative H1 column,36.8,%,data/interim_ratios.csv,Source verified,H1 2026 release; H1 2025 comparative restated to exclude reverse repos.  Verified 2026-09-28. URL: https://ind.millenniumbcp.pt/pt/Institucional/investidores/Documents/ApresentacaoResultados/2026/20260729_Resultados_Millennium_BCP_1S26.pdf
Cost-to-income ratio excluding specific items,Efficiency,2026H1A,H12026.pdf,PDF p2; current H1 column,36.6,%,data/interim_ratios.csv,Source verified,H1 2026 release; H1 2025 comparative restated to exclude reverse repos.  Verified 2026-09-28. URL: https://ind.millenniumbcp.pt/pt/Institucional/investidores/Documents/ApresentacaoResultados/2026/20260729_Resultados_Millennium_BCP_1S26.pdf
Cost of risk,Asset Quality,2025H1A,H12026.pdf,PDF p2; comparative H1 column,30,bps,data/interim_ratios.csv,Source verified,H1 2026 release; H1 2025 comparative restated to exclude reverse repos.  Verified 2026-09-28. URL: https://ind.millenniumbcp.pt/pt/Institucional/investidores/Documents/ApresentacaoResultados/2026/20260729_Resultados_Millennium_BCP_1S26.pdf
Cost of risk,Asset Quality,2026H1A,H12026.pdf,PDF p2; current H1 column,32,bps,data/interim_ratios.csv,Source verified,H1 2026 release; H1 2025 comparative restated to exclude reverse repos.  Verified 2026-09-28. URL: https://ind.millenniumbcp.pt/pt/Institucional/investidores/Documents/ApresentacaoResultados/2026/20260729_Resultados_Millennium_BCP_1S26.pdf
NPE ratio,Asset Quality,2025H1A,H12026.pdf,PDF p2; comparative H1 column,2.7,%,data/interim_ratios.csv,Source verified,H1 2026 release; H1 2025 comparative restated to exclude reverse repos.  Verified 2026-09-28. URL: https://ind.millenniumbcp.pt/pt/Institucional/investidores/Documents/ApresentacaoResultados/2026/20260729_Resultados_Millennium_BCP_1S26.pdf
NPE ratio,Asset Quality,2026H1A,H12026.pdf,PDF p2; current H1 column,2.2,%,data/interim_ratios.csv,Source verified,H1 2026 release; H1 2025 comparative restated to exclude reverse repos.  Verified 2026-09-28. URL: https://ind.millenniumbcp.pt/pt/Institucional/investidores/Documents/ApresentacaoResultados/2026/20260729_Resultados_Millennium_BCP_1S26.pdf
NPE coverage ratio,Asset Quality,2025H1A,H12026.pdf,PDF p2; comparative H1 column,84.5,%,data/interim_ratios.csv,Source verified,H1 2026 release; H1 2025 comparative restated to exclude reverse repos.  Verified 2026-09-28. URL: https://ind.millenniumbcp.pt/pt/Institucional/investidores/Documents/ApresentacaoResultados/2026/20260729_Resultados_Millennium_BCP_1S26.pdf
NPE coverage ratio,Asset Quality,2026H1A,H12026.pdf,PDF p2; current H1 column,97.2,%,data/interim_ratios.csv,Source verified,H1 2026 release; H1 2025 comparative restated to exclude reverse repos.  Verified 2026-09-28. URL: https://ind.millenniumbcp.pt/pt/Institucional/investidores/Documents/ApresentacaoResultados/2026/20260729_Resultados_Millennium_BCP_1S26.pdf
Restructured loans ratio,Asset Quality,2025H1A,H12026.pdf,PDF p2; comparative H1 column,2.2,%,data/interim_ratios.csv,Source verified,H1 2026 release; H1 2025 comparative restated to exclude reverse repos.  Verified 2026-09-28. URL: https://ind.millenniumbcp.pt/pt/Institucional/investidores/Documents/ApresentacaoResultados/2026/20260729_Resultados_Millennium_BCP_1S26.pdf
Restructured loans ratio,Asset Quality,2026H1A,H12026.pdf,PDF p2; current H1 column,1.5,%,data/interim_ratios.csv,Source verified,H1 2026 release; H1 2025 comparative restated to exclude reverse repos.  Verified 2026-09-28. URL: https://ind.millenniumbcp.pt/pt/Institucional/investidores/Documents/ApresentacaoResultados/2026/20260729_Resultados_Millennium_BCP_1S26.pdf
Loan-to-deposit ratio,Liquidity,2025H1A,H12026.pdf,PDF p2; comparative H1 column,68.5,%,data/interim_ratios.csv,Source verified,H1 2026 release; H1 2025 comparative restated to exclude reverse repos.  Verified 2026-09-28. URL: https://ind.millenniumbcp.pt/pt/Institucional/investidores/Documents/ApresentacaoResultados/2026/20260729_Resultados_Millennium_BCP_1S26.pdf
Loan-to-deposit ratio,Liquidity,2026H1A,H12026.pdf,PDF p2; current H1 column,68.5,%,data/interim_ratios.csv,Source verified,H1 2026 release; H1 2025 comparative restated to exclude reverse repos.  Verified 2026-09-28. URL: https://ind.millenniumbcp.pt/pt/Institucional/investidores/Documents/ApresentacaoResultados/2026/20260729_Resultados_Millennium_BCP_1S26.pdf
Loan-to-balance-sheet-customer-resources ratio,Liquidity,2025H1A,H12026.pdf,PDF p2; comparative H1 column,67.4,%,data/interim_ratios.csv,Source verified,H1 2026 release; H1 2025 comparative restated to exclude reverse repos.  Verified 2026-09-28. URL: https://ind.millenniumbcp.pt/pt/Institucional/investidores/Documents/ApresentacaoResultados/2026/20260729_Resultados_Millennium_BCP_1S26.pdf
Loan-to-balance-sheet-customer-resources ratio,Liquidity,2026H1A,H12026.pdf,PDF p2; current H1 column,67.2,%,data/interim_ratios.csv,Source verified,H1 2026 release; H1 2025 comparative restated to exclude reverse repos.  Verified 2026-09-28. URL: https://ind.millenniumbcp.pt/pt/Institucional/investidores/Documents/ApresentacaoResultados/2026/20260729_Resultados_Millennium_BCP_1S26.pdf
LCR,Liquidity,2025H1A,H12026.pdf,PDF p2; comparative H1 column,336,%,data/interim_ratios.csv,Source verified,H1 2026 release; H1 2025 comparative restated to exclude reverse repos.  Verified 2026-09-28. URL: https://ind.millenniumbcp.pt/pt/Institucional/investidores/Documents/ApresentacaoResultados/2026/20260729_Resultados_Millennium_BCP_1S26.pdf
LCR,Liquidity,2026H1A,H12026.pdf,PDF p2; current H1 column,326,%,data/interim_ratios.csv,Source verified,H1 2026 release; H1 2025 comparative restated to exclude reverse repos.  Verified 2026-09-28. URL: https://ind.millenniumbcp.pt/pt/Institucional/investidores/Documents/ApresentacaoResultados/2026/20260729_Resultados_Millennium_BCP_1S26.pdf
NSFR,Liquidity,2025H1A,H12026.pdf,PDF p2; comparative H1 column,181,%,data/interim_ratios.csv,Source verified,H1 2026 release; H1 2025 comparative restated to exclude reverse repos.  Verified 2026-09-28. URL: https://ind.millenniumbcp.pt/pt/Institucional/investidores/Documents/ApresentacaoResultados/2026/20260729_Resultados_Millennium_BCP_1S26.pdf
NSFR,Liquidity,2026H1A,H12026.pdf,PDF p2; current H1 column,183,%,data/interim_ratios.csv,Source verified,H1 2026 release; H1 2025 comparative restated to exclude reverse repos.  Verified 2026-09-28. URL: https://ind.millenniumbcp.pt/pt/Institucional/investidores/Documents/ApresentacaoResultados/2026/20260729_Resultados_Millennium_BCP_1S26.pdf
CET1 phased-in ratio,Capital,2025H1A,H12026.pdf,PDF p2; comparative H1 column,16.4,%,data/interim_ratios.csv,Source verified,H1 2026 release; H1 2025 comparative restated to exclude reverse repos. Capital ratios retain the source qualification; 2025 estimated with 25% of unaudited earnings; H1 2026 estimated with 10% of unaudited interim earnings. Verified 2026-09-28. URL: https://ind.millenniumbcp.pt/pt/Institucional/investidores/Documents/ApresentacaoResultados/2026/20260729_Resultados_Millennium_BCP_1S26.pdf
CET1 phased-in ratio,Capital,2026H1A,H12026.pdf,PDF p2; current H1 column,15.3,%,data/interim_ratios.csv,Source verified,H1 2026 release; H1 2025 comparative restated to exclude reverse repos. Capital ratios retain the source qualification; 2025 estimated with 25% of unaudited earnings; H1 2026 estimated with 10% of unaudited interim earnings. Verified 2026-09-28. URL: https://ind.millenniumbcp.pt/pt/Institucional/investidores/Documents/ApresentacaoResultados/2026/20260729_Resultados_Millennium_BCP_1S26.pdf
CET1 fully implemented ratio,Capital,2025H1A,H12026.pdf,PDF p2; comparative H1 column,16.2,%,data/interim_ratios.csv,Source verified,H1 2026 release; H1 2025 comparative restated to exclude reverse repos. Capital ratios retain the source qualification; 2025 estimated with 25% of unaudited earnings; H1 2026 estimated with 10% of unaudited interim earnings. Verified 2026-09-28. URL: https://ind.millenniumbcp.pt/pt/Institucional/investidores/Documents/ApresentacaoResultados/2026/20260729_Resultados_Millennium_BCP_1S26.pdf
CET1 fully implemented ratio,Capital,2026H1A,H12026.pdf,PDF p2; current H1 column,15.1,%,data/interim_ratios.csv,Source verified,H1 2026 release; H1 2025 comparative restated to exclude reverse repos. Capital ratios retain the source qualification; 2025 estimated with 25% of unaudited earnings; H1 2026 estimated with 10% of unaudited interim earnings. Verified 2026-09-28. URL: https://ind.millenniumbcp.pt/pt/Institucional/investidores/Documents/ApresentacaoResultados/2026/20260729_Resultados_Millennium_BCP_1S26.pdf
Total capital fully implemented ratio,Capital,2025H1A,H12026.pdf,PDF p2; comparative H1 column,20.3,%,data/interim_ratios.csv,Source verified,H1 2026 release; H1 2025 comparative restated to exclude reverse repos. Capital ratios retain the source qualification; 2025 estimated with 25% of unaudited earnings; H1 2026 estimated with 10% of unaudited interim earnings. Verified 2026-09-28. URL: https://ind.millenniumbcp.pt/pt/Institucional/investidores/Documents/ApresentacaoResultados/2026/20260729_Resultados_Millennium_BCP_1S26.pdf
Total capital fully implemented ratio,Capital,2026H1A,H12026.pdf,PDF p2; current H1 column,19.3,%,data/interim_ratios.csv,Source verified,H1 2026 release; H1 2025 comparative restated to exclude reverse repos. Capital ratios retain the source qualification; 2025 estimated with 25% of unaudited earnings; H1 2026 estimated with 10% of unaudited interim earnings. Verified 2026-09-28. URL: https://ind.millenniumbcp.pt/pt/Institucional/investidores/Documents/ApresentacaoResultados/2026/20260729_Resultados_Millennium_BCP_1S26.pdf
