scenario,line_item,period,value,unit,calculation_method,source_or_basis,validation_status,notes
Base,Net interest income,2025A,2898.1,EUR million,Historical annual reference,financial_data.csv,Source verified,Annual historical reference; source vintage retained.
Base,Other operating income,2025A,917.1,EUR million,Historical annual reference,financial_data.csv,Recalculated,Annual historical reference; source vintage retained.
Base,Operating income,2025A,3815.2,EUR million,Historical annual reference,financial_data.csv,Source verified,Annual historical reference; source vintage retained.
Base,Operating costs,2025A,1415.1,EUR million,Historical annual reference,financial_data.csv,Source verified,Annual historical reference; source vintage retained.
Base,Pre-provision operating profit,2025A,2400.1,EUR million,Historical annual reference,financial_data.csv,Recalculated,Annual historical reference; source vintage retained.
Base,Net credit impairments,2025A,199.5,EUR million,Historical annual reference,financial_data.csv,Source verified,Annual historical reference; source vintage retained.
Base,Net income,2025A,1018.6,EUR million,Historical annual reference,financial_data.csv,Source verified,Annual historical reference; source vintage retained.
Base,Customer loans,2025A,61240.0,EUR million,Historical annual reference,financial_data.csv,Source verified,Annual historical reference; source vintage retained.
Base,Deposits and other customer resources,2025A,89749.0,EUR million,Historical annual reference,financial_data.csv,Source verified,Annual historical reference; source vintage retained.
Base,Total assets,2025A,109333.0,EUR million,Historical annual reference,financial_data.csv,Source verified,Annual historical reference; source vintage retained.
Base,Equity,2025A,9061.0,EUR million,Historical annual reference,financial_data.csv,Source verified,Annual historical reference; source vintage retained.
Base,Net interest income,2026E,2987.6,EUR million,Reported H1 flow + estimated H2 flow; closing stocks projected from June,2026H1A results and forecast_assumptions.csv,Model checked,"Scenario calculations checked; assumptions are illustrative, not issuer guidance. 2026 contains reported H1 and estimated H2."
Base,Other operating income,2026E,922.1,EUR million,Reported H1 flow + estimated H2 flow; closing stocks projected from June,2026H1A results and forecast_assumptions.csv,Model checked,"Scenario calculations checked; assumptions are illustrative, not issuer guidance. 2026 contains reported H1 and estimated H2."
Base,Operating income,2026E,3909.7,EUR million,Reported H1 flow + estimated H2 flow; closing stocks projected from June,2026H1A results and forecast_assumptions.csv,Model checked,"Scenario calculations checked; assumptions are illustrative, not issuer guidance. 2026 contains reported H1 and estimated H2."
Base,Operating costs,2026E,1454.8,EUR million,Reported H1 flow + estimated H2 flow; closing stocks projected from June,2026H1A results and forecast_assumptions.csv,Model checked,"Scenario calculations checked; assumptions are illustrative, not issuer guidance. 2026 contains reported H1 and estimated H2."
Base,Pre-provision operating profit,2026E,2454.9,EUR million,Reported H1 flow + estimated H2 flow; closing stocks projected from June,2026H1A results and forecast_assumptions.csv,Model checked,"Scenario calculations checked; assumptions are illustrative, not issuer guidance. 2026 contains reported H1 and estimated H2."
Base,Net credit impairments,2026E,235.9,EUR million,Reported H1 flow + estimated H2 flow; closing stocks projected from June,2026H1A results and forecast_assumptions.csv,Model checked,"Scenario calculations checked; assumptions are illustrative, not issuer guidance. 2026 contains reported H1 and estimated H2."
Base,Net income,2026E,1115.3,EUR million,Reported H1 flow + estimated H2 flow; closing stocks projected from June,2026H1A results and forecast_assumptions.csv,Model checked,"Scenario calculations checked; assumptions are illustrative, not issuer guidance. 2026 contains reported H1 and estimated H2."
Base,Customer loans,2026E,65751.1,EUR million,Reported H1 flow + estimated H2 flow; closing stocks projected from June,2026H1A results and forecast_assumptions.csv,Model checked,"Scenario calculations checked; assumptions are illustrative, not issuer guidance. 2026 contains reported H1 and estimated H2."
Base,Deposits and other customer resources,2026E,95580.2,EUR million,Reported H1 flow + estimated H2 flow; closing stocks projected from June,2026H1A results and forecast_assumptions.csv,Model checked,"Scenario calculations checked; assumptions are illustrative, not issuer guidance. 2026 contains reported H1 and estimated H2."
Base,Total assets,2026E,117957.0,EUR million,Reported H1 flow + estimated H2 flow; closing stocks projected from June,2026H1A results and forecast_assumptions.csv,Model checked,"Scenario calculations checked; assumptions are illustrative, not issuer guidance. 2026 contains reported H1 and estimated H2."
Base,Equity,2026E,9617.0,EUR million,Reported H1 flow + estimated H2 flow; closing stocks projected from June,2026H1A results and forecast_assumptions.csv,Model checked,"Scenario calculations checked; assumptions are illustrative, not issuer guidance. 2026 contains reported H1 and estimated H2."
Base,CET1 ratio assumption,2026E,15.1,%,Direct assumption; no risk-weighted-assets model,2026H1A results and forecast_assumptions.csv,Scenario assumption,"Scenario calculations checked; assumptions are illustrative, not issuer guidance. 2026 contains reported H1 and estimated H2."
Base,Net interest income,2027E,3047.4,EUR million,Annual scenario growth; H1 2026 profit conversion held constant,2026H1A results and forecast_assumptions.csv,Model checked,"Scenario calculations checked; assumptions are illustrative, not issuer guidance. 2026 contains reported H1 and estimated H2."
Base,Other operating income,2027E,949.8,EUR million,Annual scenario growth; H1 2026 profit conversion held constant,2026H1A results and forecast_assumptions.csv,Model checked,"Scenario calculations checked; assumptions are illustrative, not issuer guidance. 2026 contains reported H1 and estimated H2."
Base,Operating income,2027E,3997.1,EUR million,Annual scenario growth; H1 2026 profit conversion held constant,2026H1A results and forecast_assumptions.csv,Model checked,"Scenario calculations checked; assumptions are illustrative, not issuer guidance. 2026 contains reported H1 and estimated H2."
Base,Operating costs,2027E,1513.0,EUR million,Annual scenario growth; H1 2026 profit conversion held constant,2026H1A results and forecast_assumptions.csv,Model checked,"Scenario calculations checked; assumptions are illustrative, not issuer guidance. 2026 contains reported H1 and estimated H2."
Base,Pre-provision operating profit,2027E,2484.1,EUR million,Annual scenario growth; H1 2026 profit conversion held constant,2026H1A results and forecast_assumptions.csv,Model checked,"Scenario calculations checked; assumptions are illustrative, not issuer guidance. 2026 contains reported H1 and estimated H2."
Base,Net credit impairments,2027E,273.5,EUR million,Annual scenario growth; H1 2026 profit conversion held constant,2026H1A results and forecast_assumptions.csv,Model checked,"Scenario calculations checked; assumptions are illustrative, not issuer guidance. 2026 contains reported H1 and estimated H2."
Base,Net income,2027E,1111.1,EUR million,Annual scenario growth; H1 2026 profit conversion held constant,2026H1A results and forecast_assumptions.csv,Model checked,"Scenario calculations checked; assumptions are illustrative, not issuer guidance. 2026 contains reported H1 and estimated H2."
Base,Customer loans,2027E,68381.1,EUR million,Annual scenario growth; H1 2026 profit conversion held constant,2026H1A results and forecast_assumptions.csv,Model checked,"Scenario calculations checked; assumptions are illustrative, not issuer guidance. 2026 contains reported H1 and estimated H2."
Base,Deposits and other customer resources,2027E,99403.4,EUR million,Annual scenario growth; H1 2026 profit conversion held constant,2026H1A results and forecast_assumptions.csv,Model checked,"Scenario calculations checked; assumptions are illustrative, not issuer guidance. 2026 contains reported H1 and estimated H2."
Base,Total assets,2027E,122675.3,EUR million,Annual scenario growth; H1 2026 profit conversion held constant,2026H1A results and forecast_assumptions.csv,Model checked,"Scenario calculations checked; assumptions are illustrative, not issuer guidance. 2026 contains reported H1 and estimated H2."
Base,Equity,2027E,9728.1,EUR million,Annual scenario growth; H1 2026 profit conversion held constant,2026H1A results and forecast_assumptions.csv,Model checked,"Scenario calculations checked; assumptions are illustrative, not issuer guidance. 2026 contains reported H1 and estimated H2."
Base,CET1 ratio assumption,2027E,15.2,%,Direct assumption; no risk-weighted-assets model,2026H1A results and forecast_assumptions.csv,Scenario assumption,"Scenario calculations checked; assumptions are illustrative, not issuer guidance. 2026 contains reported H1 and estimated H2."
Base,Net interest income,2028E,3138.8,EUR million,Annual scenario growth; H1 2026 profit conversion held constant,2026H1A results and forecast_assumptions.csv,Model checked,"Scenario calculations checked; assumptions are illustrative, not issuer guidance. 2026 contains reported H1 and estimated H2."
Base,Other operating income,2028E,978.3,EUR million,Annual scenario growth; H1 2026 profit conversion held constant,2026H1A results and forecast_assumptions.csv,Model checked,"Scenario calculations checked; assumptions are illustrative, not issuer guidance. 2026 contains reported H1 and estimated H2."
Base,Operating income,2028E,4117.1,EUR million,Annual scenario growth; H1 2026 profit conversion held constant,2026H1A results and forecast_assumptions.csv,Model checked,"Scenario calculations checked; assumptions are illustrative, not issuer guidance. 2026 contains reported H1 and estimated H2."
Base,Operating costs,2028E,1558.4,EUR million,Annual scenario growth; H1 2026 profit conversion held constant,2026H1A results and forecast_assumptions.csv,Model checked,"Scenario calculations checked; assumptions are illustrative, not issuer guidance. 2026 contains reported H1 and estimated H2."
Base,Pre-provision operating profit,2028E,2558.7,EUR million,Annual scenario growth; H1 2026 profit conversion held constant,2026H1A results and forecast_assumptions.csv,Model checked,"Scenario calculations checked; assumptions are illustrative, not issuer guidance. 2026 contains reported H1 and estimated H2."
Base,Net credit impairments,2028E,320.0,EUR million,Annual scenario growth; H1 2026 profit conversion held constant,2026H1A results and forecast_assumptions.csv,Model checked,"Scenario calculations checked; assumptions are illustrative, not issuer guidance. 2026 contains reported H1 and estimated H2."
Base,Net income,2028E,1125.2,EUR million,Annual scenario growth; H1 2026 profit conversion held constant,2026H1A results and forecast_assumptions.csv,Model checked,"Scenario calculations checked; assumptions are illustrative, not issuer guidance. 2026 contains reported H1 and estimated H2."
Base,Customer loans,2028E,71116.4,EUR million,Annual scenario growth; H1 2026 profit conversion held constant,2026H1A results and forecast_assumptions.csv,Model checked,"Scenario calculations checked; assumptions are illustrative, not issuer guidance. 2026 contains reported H1 and estimated H2."
Base,Deposits and other customer resources,2028E,103379.6,EUR million,Annual scenario growth; H1 2026 profit conversion held constant,2026H1A results and forecast_assumptions.csv,Model checked,"Scenario calculations checked; assumptions are illustrative, not issuer guidance. 2026 contains reported H1 and estimated H2."
Base,Total assets,2028E,127582.3,EUR million,Annual scenario growth; H1 2026 profit conversion held constant,2026H1A results and forecast_assumptions.csv,Model checked,"Scenario calculations checked; assumptions are illustrative, not issuer guidance. 2026 contains reported H1 and estimated H2."
Base,Equity,2028E,9840.6,EUR million,Annual scenario growth; H1 2026 profit conversion held constant,2026H1A results and forecast_assumptions.csv,Model checked,"Scenario calculations checked; assumptions are illustrative, not issuer guidance. 2026 contains reported H1 and estimated H2."
Base,CET1 ratio assumption,2028E,15.3,%,Direct assumption; no risk-weighted-assets model,2026H1A results and forecast_assumptions.csv,Scenario assumption,"Scenario calculations checked; assumptions are illustrative, not issuer guidance. 2026 contains reported H1 and estimated H2."
Optimistic,Net interest income,2025A,2898.1,EUR million,Historical annual reference,financial_data.csv,Source verified,Annual historical reference; source vintage retained.
Optimistic,Other operating income,2025A,917.1,EUR million,Historical annual reference,financial_data.csv,Recalculated,Annual historical reference; source vintage retained.
Optimistic,Operating income,2025A,3815.2,EUR million,Historical annual reference,financial_data.csv,Source verified,Annual historical reference; source vintage retained.
Optimistic,Operating costs,2025A,1415.1,EUR million,Historical annual reference,financial_data.csv,Source verified,Annual historical reference; source vintage retained.
Optimistic,Pre-provision operating profit,2025A,2400.1,EUR million,Historical annual reference,financial_data.csv,Recalculated,Annual historical reference; source vintage retained.
Optimistic,Net credit impairments,2025A,199.5,EUR million,Historical annual reference,financial_data.csv,Source verified,Annual historical reference; source vintage retained.
Optimistic,Net income,2025A,1018.6,EUR million,Historical annual reference,financial_data.csv,Source verified,Annual historical reference; source vintage retained.
Optimistic,Customer loans,2025A,61240.0,EUR million,Historical annual reference,financial_data.csv,Source verified,Annual historical reference; source vintage retained.
Optimistic,Deposits and other customer resources,2025A,89749.0,EUR million,Historical annual reference,financial_data.csv,Source verified,Annual historical reference; source vintage retained.
Optimistic,Total assets,2025A,109333.0,EUR million,Historical annual reference,financial_data.csv,Source verified,Annual historical reference; source vintage retained.
Optimistic,Equity,2025A,9061.0,EUR million,Historical annual reference,financial_data.csv,Source verified,Annual historical reference; source vintage retained.
Optimistic,Net interest income,2026E,3032.4,EUR million,Reported H1 flow + estimated H2 flow; closing stocks projected from June,2026H1A results and forecast_assumptions.csv,Model checked,"Scenario calculations checked; assumptions are illustrative, not issuer guidance. 2026 contains reported H1 and estimated H2."
Optimistic,Other operating income,2026E,931.3,EUR million,Reported H1 flow + estimated H2 flow; closing stocks projected from June,2026H1A results and forecast_assumptions.csv,Model checked,"Scenario calculations checked; assumptions are illustrative, not issuer guidance. 2026 contains reported H1 and estimated H2."
Optimistic,Operating income,2026E,3963.7,EUR million,Reported H1 flow + estimated H2 flow; closing stocks projected from June,2026H1A results and forecast_assumptions.csv,Model checked,"Scenario calculations checked; assumptions are illustrative, not issuer guidance. 2026 contains reported H1 and estimated H2."
Optimistic,Operating costs,2026E,1447.6,EUR million,Reported H1 flow + estimated H2 flow; closing stocks projected from June,2026H1A results and forecast_assumptions.csv,Model checked,"Scenario calculations checked; assumptions are illustrative, not issuer guidance. 2026 contains reported H1 and estimated H2."
Optimistic,Pre-provision operating profit,2026E,2516.1,EUR million,Reported H1 flow + estimated H2 flow; closing stocks projected from June,2026H1A results and forecast_assumptions.csv,Model checked,"Scenario calculations checked; assumptions are illustrative, not issuer guidance. 2026 contains reported H1 and estimated H2."
Optimistic,Net credit impairments,2026E,204.0,EUR million,Reported H1 flow + estimated H2 flow; closing stocks projected from June,2026H1A results and forecast_assumptions.csv,Model checked,"Scenario calculations checked; assumptions are illustrative, not issuer guidance. 2026 contains reported H1 and estimated H2."
Optimistic,Net income,2026E,1162.1,EUR million,Reported H1 flow + estimated H2 flow; closing stocks projected from June,2026H1A results and forecast_assumptions.csv,Model checked,"Scenario calculations checked; assumptions are illustrative, not issuer guidance. 2026 contains reported H1 and estimated H2."
Optimistic,Customer loans,2026E,66389.4,EUR million,Reported H1 flow + estimated H2 flow; closing stocks projected from June,2026H1A results and forecast_assumptions.csv,Model checked,"Scenario calculations checked; assumptions are illustrative, not issuer guidance. 2026 contains reported H1 and estimated H2."
Optimistic,Deposits and other customer resources,2026E,96512.7,EUR million,Reported H1 flow + estimated H2 flow; closing stocks projected from June,2026H1A results and forecast_assumptions.csv,Model checked,"Scenario calculations checked; assumptions are illustrative, not issuer guidance. 2026 contains reported H1 and estimated H2."
Optimistic,Total assets,2026E,119105.0,EUR million,Reported H1 flow + estimated H2 flow; closing stocks projected from June,2026H1A results and forecast_assumptions.csv,Model checked,"Scenario calculations checked; assumptions are illustrative, not issuer guidance. 2026 contains reported H1 and estimated H2."
Optimistic,Equity,2026E,9681.3,EUR million,Reported H1 flow + estimated H2 flow; closing stocks projected from June,2026H1A results and forecast_assumptions.csv,Model checked,"Scenario calculations checked; assumptions are illustrative, not issuer guidance. 2026 contains reported H1 and estimated H2."
Optimistic,CET1 ratio assumption,2026E,15.3,%,Direct assumption; no risk-weighted-assets model,2026H1A results and forecast_assumptions.csv,Scenario assumption,"Scenario calculations checked; assumptions are illustrative, not issuer guidance. 2026 contains reported H1 and estimated H2."
Optimistic,Net interest income,2027E,3153.7,EUR million,Annual scenario growth; H1 2026 profit conversion held constant,2026H1A results and forecast_assumptions.csv,Model checked,"Scenario calculations checked; assumptions are illustrative, not issuer guidance. 2026 contains reported H1 and estimated H2."
Optimistic,Other operating income,2027E,968.5,EUR million,Annual scenario growth; H1 2026 profit conversion held constant,2026H1A results and forecast_assumptions.csv,Model checked,"Scenario calculations checked; assumptions are illustrative, not issuer guidance. 2026 contains reported H1 and estimated H2."
Optimistic,Operating income,2027E,4122.2,EUR million,Annual scenario growth; H1 2026 profit conversion held constant,2026H1A results and forecast_assumptions.csv,Model checked,"Scenario calculations checked; assumptions are illustrative, not issuer guidance. 2026 contains reported H1 and estimated H2."
Optimistic,Operating costs,2027E,1491.0,EUR million,Annual scenario growth; H1 2026 profit conversion held constant,2026H1A results and forecast_assumptions.csv,Model checked,"Scenario calculations checked; assumptions are illustrative, not issuer guidance. 2026 contains reported H1 and estimated H2."
Optimistic,Pre-provision operating profit,2027E,2631.2,EUR million,Annual scenario growth; H1 2026 profit conversion held constant,2026H1A results and forecast_assumptions.csv,Model checked,"Scenario calculations checked; assumptions are illustrative, not issuer guidance. 2026 contains reported H1 and estimated H2."
Optimistic,Net credit impairments,2027E,209.1,EUR million,Annual scenario growth; H1 2026 profit conversion held constant,2026H1A results and forecast_assumptions.csv,Model checked,"Scenario calculations checked; assumptions are illustrative, not issuer guidance. 2026 contains reported H1 and estimated H2."
Optimistic,Net income,2027E,1217.4,EUR million,Annual scenario growth; H1 2026 profit conversion held constant,2026H1A results and forecast_assumptions.csv,Model checked,"Scenario calculations checked; assumptions are illustrative, not issuer guidance. 2026 contains reported H1 and estimated H2."
Optimistic,Customer loans,2027E,69708.9,EUR million,Annual scenario growth; H1 2026 profit conversion held constant,2026H1A results and forecast_assumptions.csv,Model checked,"Scenario calculations checked; assumptions are illustrative, not issuer guidance. 2026 contains reported H1 and estimated H2."
Optimistic,Deposits and other customer resources,2027E,101338.4,EUR million,Annual scenario growth; H1 2026 profit conversion held constant,2026H1A results and forecast_assumptions.csv,Model checked,"Scenario calculations checked; assumptions are illustrative, not issuer guidance. 2026 contains reported H1 and estimated H2."
Optimistic,Total assets,2027E,125060.3,EUR million,Annual scenario growth; H1 2026 profit conversion held constant,2026H1A results and forecast_assumptions.csv,Model checked,"Scenario calculations checked; assumptions are illustrative, not issuer guidance. 2026 contains reported H1 and estimated H2."
Optimistic,Equity,2027E,9924.7,EUR million,Annual scenario growth; H1 2026 profit conversion held constant,2026H1A results and forecast_assumptions.csv,Model checked,"Scenario calculations checked; assumptions are illustrative, not issuer guidance. 2026 contains reported H1 and estimated H2."
Optimistic,CET1 ratio assumption,2027E,15.5,%,Direct assumption; no risk-weighted-assets model,2026H1A results and forecast_assumptions.csv,Scenario assumption,"Scenario calculations checked; assumptions are illustrative, not issuer guidance. 2026 contains reported H1 and estimated H2."
Optimistic,Net interest income,2028E,3279.9,EUR million,Annual scenario growth; H1 2026 profit conversion held constant,2026H1A results and forecast_assumptions.csv,Model checked,"Scenario calculations checked; assumptions are illustrative, not issuer guidance. 2026 contains reported H1 and estimated H2."
Optimistic,Other operating income,2028E,1007.3,EUR million,Annual scenario growth; H1 2026 profit conversion held constant,2026H1A results and forecast_assumptions.csv,Model checked,"Scenario calculations checked; assumptions are illustrative, not issuer guidance. 2026 contains reported H1 and estimated H2."
Optimistic,Operating income,2028E,4287.1,EUR million,Annual scenario growth; H1 2026 profit conversion held constant,2026H1A results and forecast_assumptions.csv,Model checked,"Scenario calculations checked; assumptions are illustrative, not issuer guidance. 2026 contains reported H1 and estimated H2."
Optimistic,Operating costs,2028E,1528.3,EUR million,Annual scenario growth; H1 2026 profit conversion held constant,2026H1A results and forecast_assumptions.csv,Model checked,"Scenario calculations checked; assumptions are illustrative, not issuer guidance. 2026 contains reported H1 and estimated H2."
Optimistic,Pre-provision operating profit,2028E,2758.8,EUR million,Annual scenario growth; H1 2026 profit conversion held constant,2026H1A results and forecast_assumptions.csv,Model checked,"Scenario calculations checked; assumptions are illustrative, not issuer guidance. 2026 contains reported H1 and estimated H2."
Optimistic,Net credit impairments,2028E,256.2,EUR million,Annual scenario growth; H1 2026 profit conversion held constant,2026H1A results and forecast_assumptions.csv,Model checked,"Scenario calculations checked; assumptions are illustrative, not issuer guidance. 2026 contains reported H1 and estimated H2."
Optimistic,Net income,2028E,1257.9,EUR million,Annual scenario growth; H1 2026 profit conversion held constant,2026H1A results and forecast_assumptions.csv,Model checked,"Scenario calculations checked; assumptions are illustrative, not issuer guidance. 2026 contains reported H1 and estimated H2."
Optimistic,Customer loans,2028E,73194.4,EUR million,Annual scenario growth; H1 2026 profit conversion held constant,2026H1A results and forecast_assumptions.csv,Model checked,"Scenario calculations checked; assumptions are illustrative, not issuer guidance. 2026 contains reported H1 and estimated H2."
Optimistic,Deposits and other customer resources,2028E,106405.3,EUR million,Annual scenario growth; H1 2026 profit conversion held constant,2026H1A results and forecast_assumptions.csv,Model checked,"Scenario calculations checked; assumptions are illustrative, not issuer guidance. 2026 contains reported H1 and estimated H2."
Optimistic,Total assets,2028E,131313.3,EUR million,Annual scenario growth; H1 2026 profit conversion held constant,2026H1A results and forecast_assumptions.csv,Model checked,"Scenario calculations checked; assumptions are illustrative, not issuer guidance. 2026 contains reported H1 and estimated H2."
Optimistic,Equity,2028E,10176.3,EUR million,Annual scenario growth; H1 2026 profit conversion held constant,2026H1A results and forecast_assumptions.csv,Model checked,"Scenario calculations checked; assumptions are illustrative, not issuer guidance. 2026 contains reported H1 and estimated H2."
Optimistic,CET1 ratio assumption,2028E,15.7,%,Direct assumption; no risk-weighted-assets model,2026H1A results and forecast_assumptions.csv,Scenario assumption,"Scenario calculations checked; assumptions are illustrative, not issuer guidance. 2026 contains reported H1 and estimated H2."
Conservative,Net interest income,2025A,2898.1,EUR million,Historical annual reference,financial_data.csv,Source verified,Annual historical reference; source vintage retained.
Conservative,Other operating income,2025A,917.1,EUR million,Historical annual reference,financial_data.csv,Recalculated,Annual historical reference; source vintage retained.
Conservative,Operating income,2025A,3815.2,EUR million,Historical annual reference,financial_data.csv,Source verified,Annual historical reference; source vintage retained.
Conservative,Operating costs,2025A,1415.1,EUR million,Historical annual reference,financial_data.csv,Source verified,Annual historical reference; source vintage retained.
Conservative,Pre-provision operating profit,2025A,2400.1,EUR million,Historical annual reference,financial_data.csv,Recalculated,Annual historical reference; source vintage retained.
Conservative,Net credit impairments,2025A,199.5,EUR million,Historical annual reference,financial_data.csv,Source verified,Annual historical reference; source vintage retained.
Conservative,Net income,2025A,1018.6,EUR million,Historical annual reference,financial_data.csv,Source verified,Annual historical reference; source vintage retained.
Conservative,Customer loans,2025A,61240.0,EUR million,Historical annual reference,financial_data.csv,Source verified,Annual historical reference; source vintage retained.
Conservative,Deposits and other customer resources,2025A,89749.0,EUR million,Historical annual reference,financial_data.csv,Source verified,Annual historical reference; source vintage retained.
Conservative,Total assets,2025A,109333.0,EUR million,Historical annual reference,financial_data.csv,Source verified,Annual historical reference; source vintage retained.
Conservative,Equity,2025A,9061.0,EUR million,Historical annual reference,financial_data.csv,Source verified,Annual historical reference; source vintage retained.
Conservative,Net interest income,2026E,2942.8,EUR million,Reported H1 flow + estimated H2 flow; closing stocks projected from June,2026H1A results and forecast_assumptions.csv,Model checked,"Scenario calculations checked; assumptions are illustrative, not issuer guidance. 2026 contains reported H1 and estimated H2."
Conservative,Other operating income,2026E,913.0,EUR million,Reported H1 flow + estimated H2 flow; closing stocks projected from June,2026H1A results and forecast_assumptions.csv,Model checked,"Scenario calculations checked; assumptions are illustrative, not issuer guidance. 2026 contains reported H1 and estimated H2."
Conservative,Operating income,2026E,3855.8,EUR million,Reported H1 flow + estimated H2 flow; closing stocks projected from June,2026H1A results and forecast_assumptions.csv,Model checked,"Scenario calculations checked; assumptions are illustrative, not issuer guidance. 2026 contains reported H1 and estimated H2."
Conservative,Operating costs,2026E,1469.2,EUR million,Reported H1 flow + estimated H2 flow; closing stocks projected from June,2026H1A results and forecast_assumptions.csv,Model checked,"Scenario calculations checked; assumptions are illustrative, not issuer guidance. 2026 contains reported H1 and estimated H2."
Conservative,Pre-provision operating profit,2026E,2386.6,EUR million,Reported H1 flow + estimated H2 flow; closing stocks projected from June,2026H1A results and forecast_assumptions.csv,Model checked,"Scenario calculations checked; assumptions are illustrative, not issuer guidance. 2026 contains reported H1 and estimated H2."
Conservative,Net credit impairments,2026E,297.8,EUR million,Reported H1 flow + estimated H2 flow; closing stocks projected from June,2026H1A results and forecast_assumptions.csv,Model checked,"Scenario calculations checked; assumptions are illustrative, not issuer guidance. 2026 contains reported H1 and estimated H2."
Conservative,Net income,2026E,1049.9,EUR million,Reported H1 flow + estimated H2 flow; closing stocks projected from June,2026H1A results and forecast_assumptions.csv,Model checked,"Scenario calculations checked; assumptions are illustrative, not issuer guidance. 2026 contains reported H1 and estimated H2."
Conservative,Customer loans,2026E,64474.4,EUR million,Reported H1 flow + estimated H2 flow; closing stocks projected from June,2026H1A results and forecast_assumptions.csv,Model checked,"Scenario calculations checked; assumptions are illustrative, not issuer guidance. 2026 contains reported H1 and estimated H2."
Conservative,Deposits and other customer resources,2026E,94181.5,EUR million,Reported H1 flow + estimated H2 flow; closing stocks projected from June,2026H1A results and forecast_assumptions.csv,Model checked,"Scenario calculations checked; assumptions are illustrative, not issuer guidance. 2026 contains reported H1 and estimated H2."
Conservative,Total assets,2026E,115948.0,EUR million,Reported H1 flow + estimated H2 flow; closing stocks projected from June,2026H1A results and forecast_assumptions.csv,Model checked,"Scenario calculations checked; assumptions are illustrative, not issuer guidance. 2026 contains reported H1 and estimated H2."
Conservative,Equity,2026E,9562.0,EUR million,Reported H1 flow + estimated H2 flow; closing stocks projected from June,2026H1A results and forecast_assumptions.csv,Model checked,"Scenario calculations checked; assumptions are illustrative, not issuer guidance. 2026 contains reported H1 and estimated H2."
Conservative,CET1 ratio assumption,2026E,14.8,%,Direct assumption; no risk-weighted-assets model,2026H1A results and forecast_assumptions.csv,Scenario assumption,"Scenario calculations checked; assumptions are illustrative, not issuer guidance. 2026 contains reported H1 and estimated H2."
Conservative,Net interest income,2027E,2883.9,EUR million,Annual scenario growth; H1 2026 profit conversion held constant,2026H1A results and forecast_assumptions.csv,Model checked,"Scenario calculations checked; assumptions are illustrative, not issuer guidance. 2026 contains reported H1 and estimated H2."
Conservative,Other operating income,2027E,922.1,EUR million,Annual scenario growth; H1 2026 profit conversion held constant,2026H1A results and forecast_assumptions.csv,Model checked,"Scenario calculations checked; assumptions are illustrative, not issuer guidance. 2026 contains reported H1 and estimated H2."
Conservative,Operating income,2027E,3806.1,EUR million,Annual scenario growth; H1 2026 profit conversion held constant,2026H1A results and forecast_assumptions.csv,Model checked,"Scenario calculations checked; assumptions are illustrative, not issuer guidance. 2026 contains reported H1 and estimated H2."
Conservative,Operating costs,2027E,1542.7,EUR million,Annual scenario growth; H1 2026 profit conversion held constant,2026H1A results and forecast_assumptions.csv,Model checked,"Scenario calculations checked; assumptions are illustrative, not issuer guidance. 2026 contains reported H1 and estimated H2."
Conservative,Pre-provision operating profit,2027E,2263.4,EUR million,Annual scenario growth; H1 2026 profit conversion held constant,2026H1A results and forecast_assumptions.csv,Model checked,"Scenario calculations checked; assumptions are illustrative, not issuer guidance. 2026 contains reported H1 and estimated H2."
Conservative,Net credit impairments,2027E,427.5,EUR million,Annual scenario growth; H1 2026 profit conversion held constant,2026H1A results and forecast_assumptions.csv,Model checked,"Scenario calculations checked; assumptions are illustrative, not issuer guidance. 2026 contains reported H1 and estimated H2."
Conservative,Net income,2027E,922.8,EUR million,Annual scenario growth; H1 2026 profit conversion held constant,2026H1A results and forecast_assumptions.csv,Model checked,"Scenario calculations checked; assumptions are illustrative, not issuer guidance. 2026 contains reported H1 and estimated H2."
Conservative,Customer loans,2027E,65763.8,EUR million,Annual scenario growth; H1 2026 profit conversion held constant,2026H1A results and forecast_assumptions.csv,Model checked,"Scenario calculations checked; assumptions are illustrative, not issuer guidance. 2026 contains reported H1 and estimated H2."
Conservative,Deposits and other customer resources,2027E,96065.1,EUR million,Annual scenario growth; H1 2026 profit conversion held constant,2026H1A results and forecast_assumptions.csv,Model checked,"Scenario calculations checked; assumptions are illustrative, not issuer guidance. 2026 contains reported H1 and estimated H2."
Conservative,Total assets,2027E,118267.0,EUR million,Annual scenario growth; H1 2026 profit conversion held constant,2026H1A results and forecast_assumptions.csv,Model checked,"Scenario calculations checked; assumptions are illustrative, not issuer guidance. 2026 contains reported H1 and estimated H2."
Conservative,Equity,2027E,9562.0,EUR million,Annual scenario growth; H1 2026 profit conversion held constant,2026H1A results and forecast_assumptions.csv,Model checked,"Scenario calculations checked; assumptions are illustrative, not issuer guidance. 2026 contains reported H1 and estimated H2."
Conservative,CET1 ratio assumption,2027E,14.6,%,Direct assumption; no risk-weighted-assets model,2026H1A results and forecast_assumptions.csv,Scenario assumption,"Scenario calculations checked; assumptions are illustrative, not issuer guidance. 2026 contains reported H1 and estimated H2."
Conservative,Net interest income,2028E,2883.9,EUR million,Annual scenario growth; H1 2026 profit conversion held constant,2026H1A results and forecast_assumptions.csv,Model checked,"Scenario calculations checked; assumptions are illustrative, not issuer guidance. 2026 contains reported H1 and estimated H2."
Conservative,Other operating income,2028E,931.4,EUR million,Annual scenario growth; H1 2026 profit conversion held constant,2026H1A results and forecast_assumptions.csv,Model checked,"Scenario calculations checked; assumptions are illustrative, not issuer guidance. 2026 contains reported H1 and estimated H2."
Conservative,Operating income,2028E,3815.3,EUR million,Annual scenario growth; H1 2026 profit conversion held constant,2026H1A results and forecast_assumptions.csv,Model checked,"Scenario calculations checked; assumptions are illustrative, not issuer guidance. 2026 contains reported H1 and estimated H2."
Conservative,Operating costs,2028E,1604.4,EUR million,Annual scenario growth; H1 2026 profit conversion held constant,2026H1A results and forecast_assumptions.csv,Model checked,"Scenario calculations checked; assumptions are illustrative, not issuer guidance. 2026 contains reported H1 and estimated H2."
Conservative,Pre-provision operating profit,2028E,2210.9,EUR million,Annual scenario growth; H1 2026 profit conversion held constant,2026H1A results and forecast_assumptions.csv,Model checked,"Scenario calculations checked; assumptions are illustrative, not issuer guidance. 2026 contains reported H1 and estimated H2."
Conservative,Net credit impairments,2028E,469.6,EUR million,Annual scenario growth; H1 2026 profit conversion held constant,2026H1A results and forecast_assumptions.csv,Model checked,"Scenario calculations checked; assumptions are illustrative, not issuer guidance. 2026 contains reported H1 and estimated H2."
Conservative,Net income,2028E,875.2,EUR million,Annual scenario growth; H1 2026 profit conversion held constant,2026H1A results and forecast_assumptions.csv,Model checked,"Scenario calculations checked; assumptions are illustrative, not issuer guidance. 2026 contains reported H1 and estimated H2."
Conservative,Customer loans,2028E,67079.1,EUR million,Annual scenario growth; H1 2026 profit conversion held constant,2026H1A results and forecast_assumptions.csv,Model checked,"Scenario calculations checked; assumptions are illustrative, not issuer guidance. 2026 contains reported H1 and estimated H2."
Conservative,Deposits and other customer resources,2028E,97986.4,EUR million,Annual scenario growth; H1 2026 profit conversion held constant,2026H1A results and forecast_assumptions.csv,Model checked,"Scenario calculations checked; assumptions are illustrative, not issuer guidance. 2026 contains reported H1 and estimated H2."
Conservative,Total assets,2028E,120632.3,EUR million,Annual scenario growth; H1 2026 profit conversion held constant,2026H1A results and forecast_assumptions.csv,Model checked,"Scenario calculations checked; assumptions are illustrative, not issuer guidance. 2026 contains reported H1 and estimated H2."
Conservative,Equity,2028E,9562.0,EUR million,Annual scenario growth; H1 2026 profit conversion held constant,2026H1A results and forecast_assumptions.csv,Model checked,"Scenario calculations checked; assumptions are illustrative, not issuer guidance. 2026 contains reported H1 and estimated H2."
Conservative,CET1 ratio assumption,2028E,14.5,%,Direct assumption; no risk-weighted-assets model,2026H1A results and forecast_assumptions.csv,Scenario assumption,"Scenario calculations checked; assumptions are illustrative, not issuer guidance. 2026 contains reported H1 and estimated H2."
