ratio,category,formula,period,value,unit,source_status,notes
ROE,Profitability,Net income / Average equity,2025H1A,14.3,%,Source verified,H1 2026 release; H1 2025 comparative restated to exclude reverse repos.  Verified 2026-09-28. URL: https://ind.millenniumbcp.pt/pt/Institucional/investidores/Documents/ApresentacaoResultados/2026/20260729_Resultados_Millennium_BCP_1S26.pdf
ROE,Profitability,Net income / Average equity,2026H1A,14.6,%,Source verified,H1 2026 release; H1 2025 comparative restated to exclude reverse repos.  Verified 2026-09-28. URL: https://ind.millenniumbcp.pt/pt/Institucional/investidores/Documents/ApresentacaoResultados/2026/20260729_Resultados_Millennium_BCP_1S26.pdf
ROA,Profitability,Net income / Average total assets,2025H1A,1.1,%,Source verified,H1 2026 release; H1 2025 comparative restated to exclude reverse repos.  Verified 2026-09-28. URL: https://ind.millenniumbcp.pt/pt/Institucional/investidores/Documents/ApresentacaoResultados/2026/20260729_Resultados_Millennium_BCP_1S26.pdf
ROA,Profitability,Net income / Average total assets,2026H1A,1.2,%,Source verified,H1 2026 release; H1 2025 comparative restated to exclude reverse repos.  Verified 2026-09-28. URL: https://ind.millenniumbcp.pt/pt/Institucional/investidores/Documents/ApresentacaoResultados/2026/20260729_Resultados_Millennium_BCP_1S26.pdf
Net interest margin,Profitability,Net interest income / Average interest-earning assets,2025H1A,2.97,%,Source verified,H1 2026 release; H1 2025 comparative restated to exclude reverse repos.  Verified 2026-09-28. URL: https://ind.millenniumbcp.pt/pt/Institucional/investidores/Documents/ApresentacaoResultados/2026/20260729_Resultados_Millennium_BCP_1S26.pdf
Net interest margin,Profitability,Net interest income / Average interest-earning assets,2026H1A,2.83,%,Source verified,H1 2026 release; H1 2025 comparative restated to exclude reverse repos.  Verified 2026-09-28. URL: https://ind.millenniumbcp.pt/pt/Institucional/investidores/Documents/ApresentacaoResultados/2026/20260729_Resultados_Millennium_BCP_1S26.pdf
Cost-to-income ratio,Efficiency,Operating costs / Operating income,2025H1A,37,%,Source verified,H1 2026 release; H1 2025 comparative restated to exclude reverse repos.  Verified 2026-09-28. URL: https://ind.millenniumbcp.pt/pt/Institucional/investidores/Documents/ApresentacaoResultados/2026/20260729_Resultados_Millennium_BCP_1S26.pdf
Cost-to-income ratio,Efficiency,Operating costs / Operating income,2026H1A,36.9,%,Source verified,H1 2026 release; H1 2025 comparative restated to exclude reverse repos.  Verified 2026-09-28. URL: https://ind.millenniumbcp.pt/pt/Institucional/investidores/Documents/ApresentacaoResultados/2026/20260729_Resultados_Millennium_BCP_1S26.pdf
Cost-to-income ratio excluding specific items,Efficiency,Operating costs excluding specific items / Operating income,2025H1A,36.8,%,Source verified,H1 2026 release; H1 2025 comparative restated to exclude reverse repos.  Verified 2026-09-28. URL: https://ind.millenniumbcp.pt/pt/Institucional/investidores/Documents/ApresentacaoResultados/2026/20260729_Resultados_Millennium_BCP_1S26.pdf
Cost-to-income ratio excluding specific items,Efficiency,Operating costs excluding specific items / Operating income,2026H1A,36.6,%,Source verified,H1 2026 release; H1 2025 comparative restated to exclude reverse repos.  Verified 2026-09-28. URL: https://ind.millenniumbcp.pt/pt/Institucional/investidores/Documents/ApresentacaoResultados/2026/20260729_Resultados_Millennium_BCP_1S26.pdf
Cost of risk,Asset Quality,Credit impairments net of recoveries / Customer loans,2025H1A,30,bps,Source verified,H1 2026 release; H1 2025 comparative restated to exclude reverse repos.  Verified 2026-09-28. URL: https://ind.millenniumbcp.pt/pt/Institucional/investidores/Documents/ApresentacaoResultados/2026/20260729_Resultados_Millennium_BCP_1S26.pdf
Cost of risk,Asset Quality,Credit impairments net of recoveries / Customer loans,2026H1A,32,bps,Source verified,H1 2026 release; H1 2025 comparative restated to exclude reverse repos.  Verified 2026-09-28. URL: https://ind.millenniumbcp.pt/pt/Institucional/investidores/Documents/ApresentacaoResultados/2026/20260729_Resultados_Millennium_BCP_1S26.pdf
NPE ratio,Asset Quality,Non-performing exposures / Customer loans,2025H1A,2.7,%,Source verified,H1 2026 release; H1 2025 comparative restated to exclude reverse repos.  Verified 2026-09-28. URL: https://ind.millenniumbcp.pt/pt/Institucional/investidores/Documents/ApresentacaoResultados/2026/20260729_Resultados_Millennium_BCP_1S26.pdf
NPE ratio,Asset Quality,Non-performing exposures / Customer loans,2026H1A,2.2,%,Source verified,H1 2026 release; H1 2025 comparative restated to exclude reverse repos.  Verified 2026-09-28. URL: https://ind.millenniumbcp.pt/pt/Institucional/investidores/Documents/ApresentacaoResultados/2026/20260729_Resultados_Millennium_BCP_1S26.pdf
NPE coverage ratio,Asset Quality,Credit impairments / Non-performing exposures,2025H1A,84.5,%,Source verified,H1 2026 release; H1 2025 comparative restated to exclude reverse repos.  Verified 2026-09-28. URL: https://ind.millenniumbcp.pt/pt/Institucional/investidores/Documents/ApresentacaoResultados/2026/20260729_Resultados_Millennium_BCP_1S26.pdf
NPE coverage ratio,Asset Quality,Credit impairments / Non-performing exposures,2026H1A,97.2,%,Source verified,H1 2026 release; H1 2025 comparative restated to exclude reverse repos.  Verified 2026-09-28. URL: https://ind.millenniumbcp.pt/pt/Institucional/investidores/Documents/ApresentacaoResultados/2026/20260729_Resultados_Millennium_BCP_1S26.pdf
Restructured loans ratio,Asset Quality,Restructured loans / Customer loans,2025H1A,2.2,%,Source verified,H1 2026 release; H1 2025 comparative restated to exclude reverse repos.  Verified 2026-09-28. URL: https://ind.millenniumbcp.pt/pt/Institucional/investidores/Documents/ApresentacaoResultados/2026/20260729_Resultados_Millennium_BCP_1S26.pdf
Restructured loans ratio,Asset Quality,Restructured loans / Customer loans,2026H1A,1.5,%,Source verified,H1 2026 release; H1 2025 comparative restated to exclude reverse repos.  Verified 2026-09-28. URL: https://ind.millenniumbcp.pt/pt/Institucional/investidores/Documents/ApresentacaoResultados/2026/20260729_Resultados_Millennium_BCP_1S26.pdf
Loan-to-deposit ratio,Liquidity,Customer loans / Deposits and other customer resources,2025H1A,68.5,%,Source verified,H1 2026 release; H1 2025 comparative restated to exclude reverse repos.  Verified 2026-09-28. URL: https://ind.millenniumbcp.pt/pt/Institucional/investidores/Documents/ApresentacaoResultados/2026/20260729_Resultados_Millennium_BCP_1S26.pdf
Loan-to-deposit ratio,Liquidity,Customer loans / Deposits and other customer resources,2026H1A,68.5,%,Source verified,H1 2026 release; H1 2025 comparative restated to exclude reverse repos.  Verified 2026-09-28. URL: https://ind.millenniumbcp.pt/pt/Institucional/investidores/Documents/ApresentacaoResultados/2026/20260729_Resultados_Millennium_BCP_1S26.pdf
Loan-to-balance-sheet-customer-resources ratio,Liquidity,Customer loans / Balance sheet customer resources,2025H1A,67.4,%,Source verified,H1 2026 release; H1 2025 comparative restated to exclude reverse repos.  Verified 2026-09-28. URL: https://ind.millenniumbcp.pt/pt/Institucional/investidores/Documents/ApresentacaoResultados/2026/20260729_Resultados_Millennium_BCP_1S26.pdf
Loan-to-balance-sheet-customer-resources ratio,Liquidity,Customer loans / Balance sheet customer resources,2026H1A,67.2,%,Source verified,H1 2026 release; H1 2025 comparative restated to exclude reverse repos.  Verified 2026-09-28. URL: https://ind.millenniumbcp.pt/pt/Institucional/investidores/Documents/ApresentacaoResultados/2026/20260729_Resultados_Millennium_BCP_1S26.pdf
LCR,Liquidity,Liquidity coverage ratio,2025H1A,336,%,Source verified,H1 2026 release; H1 2025 comparative restated to exclude reverse repos.  Verified 2026-09-28. URL: https://ind.millenniumbcp.pt/pt/Institucional/investidores/Documents/ApresentacaoResultados/2026/20260729_Resultados_Millennium_BCP_1S26.pdf
LCR,Liquidity,Liquidity coverage ratio,2026H1A,326,%,Source verified,H1 2026 release; H1 2025 comparative restated to exclude reverse repos.  Verified 2026-09-28. URL: https://ind.millenniumbcp.pt/pt/Institucional/investidores/Documents/ApresentacaoResultados/2026/20260729_Resultados_Millennium_BCP_1S26.pdf
NSFR,Liquidity,Net stable funding ratio,2025H1A,181,%,Source verified,H1 2026 release; H1 2025 comparative restated to exclude reverse repos.  Verified 2026-09-28. URL: https://ind.millenniumbcp.pt/pt/Institucional/investidores/Documents/ApresentacaoResultados/2026/20260729_Resultados_Millennium_BCP_1S26.pdf
NSFR,Liquidity,Net stable funding ratio,2026H1A,183,%,Source verified,H1 2026 release; H1 2025 comparative restated to exclude reverse repos.  Verified 2026-09-28. URL: https://ind.millenniumbcp.pt/pt/Institucional/investidores/Documents/ApresentacaoResultados/2026/20260729_Resultados_Millennium_BCP_1S26.pdf
CET1 phased-in ratio,Capital,Common Equity Tier 1 phased-in ratio,2025H1A,16.4,%,Source verified,H1 2026 release; H1 2025 comparative restated to exclude reverse repos. Capital ratios retain the source qualification; 2025 estimated with 25% of unaudited earnings; H1 2026 estimated with 10% of unaudited interim earnings. Verified 2026-09-28. URL: https://ind.millenniumbcp.pt/pt/Institucional/investidores/Documents/ApresentacaoResultados/2026/20260729_Resultados_Millennium_BCP_1S26.pdf
CET1 phased-in ratio,Capital,Common Equity Tier 1 phased-in ratio,2026H1A,15.3,%,Source verified,H1 2026 release; H1 2025 comparative restated to exclude reverse repos. Capital ratios retain the source qualification; 2025 estimated with 25% of unaudited earnings; H1 2026 estimated with 10% of unaudited interim earnings. Verified 2026-09-28. URL: https://ind.millenniumbcp.pt/pt/Institucional/investidores/Documents/ApresentacaoResultados/2026/20260729_Resultados_Millennium_BCP_1S26.pdf
CET1 fully implemented ratio,Capital,Common Equity Tier 1 fully implemented ratio,2025H1A,16.2,%,Source verified,H1 2026 release; H1 2025 comparative restated to exclude reverse repos. Capital ratios retain the source qualification; 2025 estimated with 25% of unaudited earnings; H1 2026 estimated with 10% of unaudited interim earnings. Verified 2026-09-28. URL: https://ind.millenniumbcp.pt/pt/Institucional/investidores/Documents/ApresentacaoResultados/2026/20260729_Resultados_Millennium_BCP_1S26.pdf
CET1 fully implemented ratio,Capital,Common Equity Tier 1 fully implemented ratio,2026H1A,15.1,%,Source verified,H1 2026 release; H1 2025 comparative restated to exclude reverse repos. Capital ratios retain the source qualification; 2025 estimated with 25% of unaudited earnings; H1 2026 estimated with 10% of unaudited interim earnings. Verified 2026-09-28. URL: https://ind.millenniumbcp.pt/pt/Institucional/investidores/Documents/ApresentacaoResultados/2026/20260729_Resultados_Millennium_BCP_1S26.pdf
Total capital fully implemented ratio,Capital,Total capital fully implemented ratio,2025H1A,20.3,%,Source verified,H1 2026 release; H1 2025 comparative restated to exclude reverse repos. Capital ratios retain the source qualification; 2025 estimated with 25% of unaudited earnings; H1 2026 estimated with 10% of unaudited interim earnings. Verified 2026-09-28. URL: https://ind.millenniumbcp.pt/pt/Institucional/investidores/Documents/ApresentacaoResultados/2026/20260729_Resultados_Millennium_BCP_1S26.pdf
Total capital fully implemented ratio,Capital,Total capital fully implemented ratio,2026H1A,19.3,%,Source verified,H1 2026 release; H1 2025 comparative restated to exclude reverse repos. Capital ratios retain the source qualification; 2025 estimated with 25% of unaudited earnings; H1 2026 estimated with 10% of unaudited interim earnings. Verified 2026-09-28. URL: https://ind.millenniumbcp.pt/pt/Institucional/investidores/Documents/ApresentacaoResultados/2026/20260729_Resultados_Millennium_BCP_1S26.pdf
